source_uri	chunk_id	chunk_index	content
filesystem://body-fields.md	6738d9e2-bcbe-4aee-9bfc-e2c9faef29ec	0	# Body - Fields { #body-fields }

The same way you can declare additional validation and metadata in *path operation function* parameters with `Query`, `Path` and `Body`, you can declare validation and metadata inside of Pydantic models using Pydantic's `Field`.
filesystem://body-fields.md	c02b3201-8ae6-4a60-95b7-cef7304526b2	1	## Import `Field` { #import-field }

First, you have to import it:

{* ../../docs_src/body_fields/tutorial001_an_py310.py hl[4] *}

/// warning

Notice that `Field` is imported directly from `pydantic`, not from `fastapi` as are all the rest (`Query`, `Path`, `Body`, etc).

///
filesystem://body-fields.md	e54e4d13-67cf-4dd0-bed8-17822e4817e9	2	## Declare model attributes { #declare-model-attributes }

You can then use `Field` with model attributes:

{* ../../docs_src/body_fields/tutorial001_an_py310.py hl[11:14] *}

`Field` works the same way as `Query`, `Path` and `Body`, it has all the same parameters, etc.

/// note | Technical Details

Actually, `Query`, `Path` and others you'll see next create objects of subclasses of a common `Param` class, which is itself a subclass of Pydantic's `FieldInfo` class.

And Pydantic's `Field` returns an instance of `FieldInfo` as well.

`Body` also returns objects of a subclass of `FieldInfo` directly. And there are others you will see later that are subclasses of the `Body` class.

Remember that when you import `Query`, `Path`, and others from `fastapi`, those are actually functions that return special classes.

///

/// tip

Notice how each model's attribute with a type, default value and `Field` has the same structure as a *path operation function's* parameter, with `Field` instead of `Path`, `Query` and `Body`.

///
filesystem://body-fields.md	9d8d8b52-82f1-4716-adb8-bfe6831afe7b	3	## Add extra information { #add-extra-information }

You can declare extra information in `Field`, `Query`, `Body`, etc. And it will be included in the generated JSON Schema.

You will learn more about adding extra information later in the docs, when learning to declare examples.

/// warning

Extra keys passed to `Field` will also be present in the resulting OpenAPI schema for your application.
As these keys may not necessarily be part of the OpenAPI specification, some OpenAPI tools, for example [the OpenAPI validator](https://validator.swagger.io/), may not work with your generated schema.

///
filesystem://body-fields.md	e0e8a4ad-b659-4d2a-9fb0-dd145e979906	4	## Recap { #recap }

You can use Pydantic's `Field` to declare extra validations and metadata for model attributes.

You can also use the extra keyword arguments to pass additional JSON Schema metadata.
filesystem://body.md	4045920f-0488-497c-b2c6-a04f2dfcdf90	0	# Request Body { #request-body }

When you need to send data from a client (let's say, a browser) to your API, you send it as a **request body**.

A **request** body is data sent by the client to your API. A **response** body is the data your API sends to the client.

Your API almost always has to send a **response** body. But clients don't necessarily need to send **request bodies** all the time, sometimes they only request a path, maybe with some query parameters, but don't send a body.

To declare a **request** body, you use [Pydantic](https://pydantic.dev/docs/) models with all their power and benefits.

/// note

To send data, you should use one of: `POST` (the most common), `PUT`, `DELETE` or `PATCH`.

Sending a body with a `GET` request has an undefined behavior in the specifications, nevertheless, it is supported by FastAPI, only for very complex/extreme use cases.

As it is discouraged, the interactive docs with Swagger UI won't show the documentation for the body when using `GET`, and proxies in the middle might not support it.

///
filesystem://body.md	11a94a09-6ff5-4d78-9c9d-644145a073d0	1	## Import Pydantic's `BaseModel` { #import-pydantics-basemodel }

First, you need to import `BaseModel` from `pydantic`:

{* ../../docs_src/body/tutorial001_py310.py hl[2] *}
filesystem://body.md	4a5b04b2-7d49-4a69-abae-b5b8d8926ad7	2	## Create your data model { #create-your-data-model }

Then you declare your data model as a class that inherits from `BaseModel`.

Use standard Python types for all the attributes:

{* ../../docs_src/body/tutorial001_py310.py hl[5:9] *}

The same as when declaring query parameters, when a model attribute has a default value, it is not required. Otherwise, it is required. Use `None` to make it just optional.

For example, this model above declares a JSON "`object`" (or Python `dict`) like:

```JSON
{
    "name": "Foo",
    "description": "An optional description",
    "price": 45.2,
    "tax": 3.5
}
```

...as `description` and `tax` are optional (with a default value of `None`), this JSON "`object`" would also be valid:

```JSON
{
    "name": "Foo",
    "price": 45.2
}
```
filesystem://body.md	f0294a60-bee1-4c9c-b907-0f07896dd2c7	3	## Declare it as a parameter { #declare-it-as-a-parameter }

To add it to your *path operation*, declare it the same way you declared path and query parameters:

{* ../../docs_src/body/tutorial001_py310.py hl[16] *}

...and declare its type as the model you created, `Item`.
filesystem://body.md	3b32501c-8dd3-4d43-9c4b-0d8beb4e5ccc	4	## Results { #results }

With just that Python type declaration, **FastAPI** will:

* Read the body of the request as JSON.
* Convert the corresponding types (if needed).
* Validate the data.
    * If the data is invalid, it will return a nice and clear error, indicating exactly where and what was the incorrect data.
* Give you the received data in the parameter `item`.
    * As you declared it in the function to be of type `Item`, you will also have all the editor support (completion, etc) for all of the attributes and their types.
* Generate [JSON Schema](https://json-schema.org) definitions for your model, you can also use them anywhere else you like if it makes sense for your project.
* Those schemas will be part of the generated OpenAPI schema, and used by the automatic documentation <abbr title="User Interfaces">UIs</abbr>.

* Read the body of the request as JSON.

* Read the body of the request as JSON.

* Convert the corresponding types (if needed).

* Convert the corresponding types (if needed).

* Validate the data.
    * If the data is invalid, it will return a nice and clear error, indicating exactly where and what was the incorrect data.

* Validate the data.

* If the data is invalid, it will return a nice and clear error, indicating exactly where and what was the incorrect data.

* If the data is invalid, it will return a nice and clear error, indicating exactly where and what was the incorrect data.

* If the data is invalid, it will return a nice and clear error, indicating exactly where and what was the incorrect data.

* Give you the received data in the parameter `item`.
    * As you declared it in the function to be of type `Item`, you will also have all the editor support (completion, etc) for all of the attributes and their types.

* Give you the received data in the parameter `item`.

* As you declared it in the function to be of type `Item`, you will also have all the editor support (completion, etc) for all of the attributes and their types.

* As you declared it in the function to be of type `Item`, you will also have all the editor support (completion, etc) for all of the attributes and their types.

* As you declared it in the function to be of type `Item`, you will also have all the editor support (completion, etc) for all of the attributes and their types.

* Generate [JSON Schema](https://json-schema.org) definitions for your model, you can also use them anywhere else you like if it makes sense for your project.

* Generate [JSON Schema](https://json-schema.org) definitions for your model, you can also use them anywhere else you like if it makes sense for your project.

* Those schemas will be part of the generated OpenAPI schema, and used by the automatic documentation <abbr title="User Interfaces">UIs</abbr>.

* Those schemas will be part of the generated OpenAPI schema, and used by the automatic documentation <abbr title="User Interfaces">UIs</abbr>.
filesystem://body.md	a08c1499-a4e1-4cb3-8c8e-e41c6fc623d6	5	## Automatic docs { #automatic-docs }

The JSON Schemas of your models will be part of your OpenAPI generated schema, and will be shown in the interactive API docs:

And will also be used in the API docs inside each *path operation* that needs them:
filesystem://body.md	57cc93cf-e479-49c9-a731-7331d4b92f92	6	## Editor support { #editor-support }

In your editor, inside your function you will get type hints and completion everywhere (this wouldn't happen if you received a `dict` instead of a Pydantic model):

You also get error checks for incorrect type operations:

This is not by chance, the whole framework was built around that design.

And it was thoroughly tested at the design phase, before any implementation, to ensure it would work with all the editors.

There were even some changes to Pydantic itself to support this.

The previous screenshots were taken with [Visual Studio Code](https://code.visualstudio.com).

But you would get the same editor support with [PyCharm](https://www.jetbrains.com/pycharm/) and most of the other Python editors:

/// tip

If you use [PyCharm](https://www.jetbrains.com/pycharm/) as your editor, you can use the [Pydantic PyCharm Plugin](https://github.com/koxudaxi/pydantic-pycharm-plugin/).

It improves editor support for Pydantic models, with:

* auto-completion
* type checks
* refactoring
* searching
* inspections

* auto-completion

* auto-completion

* type checks

* type checks

* refactoring

* refactoring

* searching

* searching

* inspections

* inspections

///
filesystem://body.md	c75d9d46-c272-4a50-8932-768691a2b81a	7	## Use the model { #use-the-model }

Inside of the function, you can access all the attributes of the model object directly:

{* ../../docs_src/body/tutorial002_py310.py *}
filesystem://body.md	174830b7-c1c9-43f2-af6d-d2c1f0b24bbe	8	## Request body + path parameters { #request-body-path-parameters }

You can declare path parameters and request body at the same time.

**FastAPI** will recognize that the function parameters that match path parameters should be **taken from the path**, and that function parameters that are declared to be Pydantic models should be **taken from the request body**.

{* ../../docs_src/body/tutorial003_py310.py hl[15:16] *}
filesystem://body.md	0b4d61f4-ec8a-4a39-918a-9a6e63ce680b	9	## Request body + path + query parameters { #request-body-path-query-parameters }

You can also declare **body**, **path** and **query** parameters, all at the same time.

**FastAPI** will recognize each of them and take the data from the correct place.

{* ../../docs_src/body/tutorial004_py310.py hl[16] *}

The function parameters will be recognized as follows:

* If the parameter is also declared in the **path**, it will be used as a path parameter.
* If the parameter is of a **singular type** (like `int`, `float`, `str`, `bool`, etc) it will be interpreted as a **query** parameter.
* If the parameter is declared to be of the type of a **Pydantic model**, it will be interpreted as a request **body**.

* If the parameter is also declared in the **path**, it will be used as a path parameter.

* If the parameter is also declared in the **path**, it will be used as a path parameter.

* If the parameter is of a **singular type** (like `int`, `float`, `str`, `bool`, etc) it will be interpreted as a **query** parameter.

* If the parameter is of a **singular type** (like `int`, `float`, `str`, `bool`, etc) it will be interpreted as a **query** parameter.

* If the parameter is declared to be of the type of a **Pydantic model**, it will be interpreted as a request **body**.

* If the parameter is declared to be of the type of a **Pydantic model**, it will be interpreted as a request **body**.

/// note

FastAPI will know that the value of `q` is not required because of the default value `= None`.

The `str | None` is not used by FastAPI to determine that the value is not required, it will know it's not required because it has a default value of `= None`.

But adding the type annotations will allow your editor to give you better support and detect errors.

///
filesystem://body.md	1f158ef7-9810-4f41-95d1-2e14b2baaf49	10	## Without Pydantic { #without-pydantic }

If you don't want to use Pydantic models, you can also use **Body** parameters. See the docs for [Body - Multiple Parameters: Singular values in body](body-multiple-params.md#singular-values-in-body).
filesystem://body-nested-models.md	7543efc3-0c77-4467-9364-d5cbb300d542	0	# Body - Nested Models { #body-nested-models }

With **FastAPI**, you can define, validate, document, and use arbitrarily deeply nested models (thanks to Pydantic).
filesystem://body-nested-models.md	f971773e-3df4-4944-8825-ebdfecaf35c7	1	## List fields { #list-fields }

You can define an attribute to be a subtype. For example, a Python `list`:

{* ../../docs_src/body_nested_models/tutorial001_py310.py hl[12] *}

This will make `tags` be a list, although it doesn't declare the type of the elements of the list.
filesystem://body-nested-models.md	b0d8d5f2-f5dc-47ac-a3e4-3528b1fdfc14	2	## List fields with type parameter { #list-fields-with-type-parameter }

But Python has a specific way to declare lists with internal types, or "type parameters":
filesystem://body-nested-models.md	fa0450a0-6c42-46ae-9251-b9ce7216bb31	3	### Declare a `list` with a type parameter { #declare-a-list-with-a-type-parameter }

To declare types that have type parameters (internal types), like `list`, `dict`, `tuple`,
pass the internal type(s) as "type parameters" using square brackets: `[` and `]`

```Python
my_list: list[str]
```

That's all standard Python syntax for type declarations.

Use that same standard syntax for model attributes with internal types.

So, in our example, we can make `tags` be specifically a "list of strings":

{* ../../docs_src/body_nested_models/tutorial002_py310.py hl[12] *}
filesystem://body-nested-models.md	47dda801-6ee0-4226-92f7-48f4701c9dda	4	## Set types { #set-types }

But then we think about it, and realize that tags shouldn't repeat, they would probably be unique strings.

And Python has a special data type for sets of unique items, the `set`.

Then we can declare `tags` as a set of strings:

{* ../../docs_src/body_nested_models/tutorial003_py310.py hl[12] *}

With this, even if you receive a request with duplicate data, it will be converted to a set of unique items.

And whenever you output that data, even if the source had duplicates, it will be output as a set of unique items.

And it will be annotated / documented accordingly too.
filesystem://body-nested-models.md	a1b962fa-8506-47c4-93f7-f836e147b739	5	## Nested Models { #nested-models }

Each attribute of a Pydantic model has a type.

But that type can itself be another Pydantic model.

So, you can declare deeply nested JSON "objects" with specific attribute names, types and validations.

All that, arbitrarily nested.
filesystem://body-nested-models.md	c1238fad-7b22-48b6-b7db-4b26a813752f	6	### Define a submodel { #define-a-submodel }

For example, we can define an `Image` model:

{* ../../docs_src/body_nested_models/tutorial004_py310.py hl[7:9] *}
filesystem://body-nested-models.md	9d32cf67-14c8-469a-a191-6978611fd9ed	7	### Use the submodel as a type { #use-the-submodel-as-a-type }

And then we can use it as the type of an attribute:

{* ../../docs_src/body_nested_models/tutorial004_py310.py hl[18] *}

This would mean that **FastAPI** would expect a body similar to:

```JSON
{
    "name": "Foo",
    "description": "The pretender",
    "price": 42.0,
    "tax": 3.2,
    "tags": ["rock", "metal", "bar"],
    "image": {
        "url": "http://example.com/baz.jpg",
        "name": "The Foo live"
    }
}
```

Again, doing just that declaration, with **FastAPI** you get:

* Editor support (completion, etc.), even for nested models
* Data conversion
* Data validation
* Automatic documentation

* Editor support (completion, etc.), even for nested models

* Editor support (completion, etc.), even for nested models

* Data conversion

* Data conversion

* Data validation

* Data validation

* Automatic documentation

* Automatic documentation
filesystem://body-nested-models.md	6a8d5b0f-650f-4038-a3c4-8817e1d4e7a3	8	## Special types and validation { #special-types-and-validation }

Apart from normal singular types like `str`, `int`, `float`, etc. you can use more complex singular types that inherit from `str`.

To see all the options you have, check out [Pydantic's Type Overview](https://pydantic.dev/docs/validation/latest/concepts/types/). You will see some examples in the next chapter.

For example, as in the `Image` model we have a `url` field, we can declare it to be an instance of Pydantic's `HttpUrl` instead of a `str`:

{* ../../docs_src/body_nested_models/tutorial005_py310.py hl[2,8] *}

The string will be checked to be a valid URL, and documented in JSON Schema / OpenAPI as such.
filesystem://body-nested-models.md	d22cf3cb-8061-4182-96c2-be0f1f01949c	9	## Attributes with lists of submodels { #attributes-with-lists-of-submodels }

You can also use Pydantic models as subtypes of `list`, `set`, etc.:

{* ../../docs_src/body_nested_models/tutorial006_py310.py hl[18] *}

This will expect (convert, validate, document, etc.) a JSON body like:

```JSON hl_lines="11"
{
    "name": "Foo",
    "description": "The pretender",
    "price": 42.0,
    "tax": 3.2,
    "tags": [
        "rock",
        "metal",
        "bar"
    ],
    "images": [
        {
            "url": "http://example.com/baz.jpg",
            "name": "The Foo live"
        },
        {
            "url": "http://example.com/dave.jpg",
            "name": "The Baz"
        }
    ]
}
```

/// note

Notice how the `images` key now has a list of image objects.

///
filesystem://body-nested-models.md	69ca97e2-8e39-451f-b7d2-3e537bdbffd5	10	## Deeply nested models { #deeply-nested-models }

You can define arbitrarily deeply nested models:

{* ../../docs_src/body_nested_models/tutorial007_py310.py hl[7,12,18,21,25] *}

/// note

Notice how `Offer` has a list of `Item`s, which in turn have an optional list of `Image`s

///
filesystem://body-nested-models.md	aeca7005-dd0e-4154-af63-aef0e2b58b81	11	## Bodies of pure lists { #bodies-of-pure-lists }

If the top level value of the JSON body you expect is a JSON `array` (a Python `list`), you can declare the type in the parameter of the function, the same as in Pydantic models:

```Python
images: list[Image]
```

as in:

{* ../../docs_src/body_nested_models/tutorial008_py310.py hl[13] *}
filesystem://body-nested-models.md	124edabd-bfa7-4cb4-90c9-9e0d78d7aca9	12	## Editor support everywhere { #editor-support-everywhere }

And you get editor support everywhere.

Even for items inside of lists:

You couldn't get this kind of editor support if you were working directly with `dict` instead of Pydantic models.

But you don't have to worry about them either, incoming dicts are converted automatically and your output is converted automatically to JSON too.
filesystem://body-nested-models.md	55eecf2b-7511-433c-996e-e6b2642c4f6e	13	## Bodies of arbitrary `dict`s { #bodies-of-arbitrary-dicts }

You can also declare a body as a `dict` with keys of some type and values of some other type.

This way, you don't have to know beforehand what the valid field/attribute names are (as would be the case with Pydantic models).

This would be useful if you want to receive keys that you don't already know.

Another useful case is when you want to have keys of another type (e.g., `int`).

That's what we are going to see here.

In this case, you would accept any `dict` as long as it has `int` keys with `float` values:

{* ../../docs_src/body_nested_models/tutorial009_py310.py hl[7] *}

/// tip

Keep in mind that JSON only supports `str` as keys.

But Pydantic has automatic data conversion.

This means that, even though your API clients can only send strings as keys, as long as those strings contain pure integers, Pydantic will convert them and validate them.

And the `dict` you receive as `weights` will actually have `int` keys and `float` values.

///
filesystem://body-nested-models.md	cbb1ad2d-8540-4225-adf0-a1125e8f9661	14	## Recap { #recap }

With **FastAPI** you have the maximum flexibility provided by Pydantic models, while keeping your code simple, short and elegant.

But with all the benefits:

* Editor support (completion everywhere!)
* Data conversion (a.k.a. parsing / serialization)
* Data validation
* Schema documentation
* Automatic docs

* Editor support (completion everywhere!)

* Editor support (completion everywhere!)

* Data conversion (a.k.a. parsing / serialization)

* Data conversion (a.k.a. parsing / serialization)

* Data validation

* Data validation

* Schema documentation

* Schema documentation

* Automatic docs

* Automatic docs
filesystem://dependencies/index.md	b6ccce95-9983-44be-9eea-7824868a4f60	0	# Dependencies { #dependencies }

**FastAPI** has a very powerful but intuitive **<dfn title="also known as components, resources, providers, services, injectables">Dependency Injection</dfn>** system.

It is designed to be very simple to use, and to make it very easy for any developer to integrate other components with **FastAPI**.
filesystem://dependencies/index.md	d0c13daa-e9c2-4e32-b5b5-428203014cc0	1	## What is "Dependency Injection" { #what-is-dependency-injection }

**"Dependency Injection"** means, in programming, that there is a way for your code (in this case, your *path operation functions*) to declare things that it requires to work and use: "dependencies".

And then, that system (in this case **FastAPI**) will take care of doing whatever is needed to provide your code with those needed dependencies ("inject" the dependencies).

This is very useful when you need to:

* Have shared logic (the same code logic again and again).
* Share database connections.
* Enforce security, authentication, role requirements, etc.
* And many other things...

* Have shared logic (the same code logic again and again).

* Have shared logic (the same code logic again and again).

* Share database connections.

* Share database connections.

* Enforce security, authentication, role requirements, etc.

* Enforce security, authentication, role requirements, etc.

* And many other things...

* And many other things...

All these, while minimizing code repetition.
filesystem://dependencies/index.md	deda9b37-c9e4-43e8-8c51-73ef3d0407d0	2	## First Steps { #first-steps }

Let's see a very simple example. It will be so simple that it is not very useful, for now.

But this way we can focus on how the **Dependency Injection** system works.
filesystem://dependencies/index.md	125efdb3-a3db-4a62-9ca4-6bc7efb0f749	3	### Create a dependency, or "dependable" { #create-a-dependency-or-dependable }

Let's first focus on the dependency.

It is just a function that can take all the same parameters that a *path operation function* can take:

{* ../../docs_src/dependencies/tutorial001_an_py310.py hl[8:9] *}

That's it.

**2 lines**.

And it has the same shape and structure that all your *path operation functions* have.

You can think of it as a *path operation function* without the "decorator" (without the `@app.get("/some-path")`).

And it can return anything you want.

In this case, this dependency expects:

* An optional query parameter `q` that is a `str`.
* An optional query parameter `skip` that is an `int`, and by default is `0`.
* An optional query parameter `limit` that is an `int`, and by default is `100`.

* An optional query parameter `q` that is a `str`.

* An optional query parameter `q` that is a `str`.

* An optional query parameter `skip` that is an `int`, and by default is `0`.

* An optional query parameter `skip` that is an `int`, and by default is `0`.

* An optional query parameter `limit` that is an `int`, and by default is `100`.

* An optional query parameter `limit` that is an `int`, and by default is `100`.

And then it just returns a `dict` containing those values.

/// note

FastAPI added support for `Annotated` (and started recommending it) in version 0.95.0.

If you have an older version, you would get errors when trying to use `Annotated`.

Make sure you [Upgrade the FastAPI version](../../deployment/versions.md#upgrading-the-fastapi-versions) to at least 0.95.1 before using `Annotated`.

///
filesystem://dependencies/index.md	883299b3-1fc9-48b1-aefb-d3cf65154f14	4	### Import `Depends` { #import-depends }

{* ../../docs_src/dependencies/tutorial001_an_py310.py hl[3] *}
filesystem://dependencies/index.md	236c0c25-86fa-4838-aa9e-09cdd063f7a3	5	### Declare the dependency, in the "dependant" { #declare-the-dependency-in-the-dependant }

The same way you use `Body`, `Query`, etc. with your *path operation function* parameters, use `Depends` with a new parameter:

{* ../../docs_src/dependencies/tutorial001_an_py310.py hl[13,18] *}

Although you use `Depends` in the parameters of your function the same way you use `Body`, `Query`, etc, `Depends` works a bit differently.

You only give `Depends` a single parameter.

This parameter must be something like a function.

You **don't call it** directly (don't add the parenthesis at the end), you just pass it as a parameter to `Depends()`.

And that function takes parameters in the same way that *path operation functions* do.

/// tip

You'll see what other "things", apart from functions, can be used as dependencies in the next chapter.

///

Whenever a new request arrives, **FastAPI** will take care of:

* Calling your dependency ("dependable") function with the correct parameters.
* Get the result from your function.
* Assign that result to the parameter in your *path operation function*.

* Calling your dependency ("dependable") function with the correct parameters.

* Calling your dependency ("dependable") function with the correct parameters.

* Get the result from your function.

* Get the result from your function.

* Assign that result to the parameter in your *path operation function*.

* Assign that result to the parameter in your *path operation function*.

```mermaid
graph TB

common_parameters(["common_parameters"])
read_items["/items/"]
read_users["/users/"]

common_parameters --> read_items
common_parameters --> read_users
```

This way you write shared code once and **FastAPI** takes care of calling it for your *path operations*.

/// tip

Notice that you don't have to create a special class and pass it somewhere to **FastAPI** to "register" it or anything similar.

You just pass it to `Depends` and **FastAPI** knows how to do the rest.

///
filesystem://dependencies/index.md	53de4e4c-27c0-4f91-930c-680013a6af23	6	## Share `Annotated` dependencies { #share-annotated-dependencies }

In the examples above, you see that there's a tiny bit of **code duplication**.

When you need to use the `common_parameters()` dependency, you have to write the whole parameter with the type annotation and `Depends()`:

```Python
commons: Annotated[dict, Depends(common_parameters)]
```

But because we are using `Annotated`, we can store that `Annotated` value in a variable and use it in multiple places:

{* ../../docs_src/dependencies/tutorial001_02_an_py310.py hl[12,16,21] *}

/// tip

This is just standard Python, it's called a "type alias", it's actually not specific to **FastAPI**.

But because **FastAPI** is based on the Python standards, including `Annotated`, you can use this trick in your code. 😎

///

The dependencies will keep working as expected, and the **best part** is that the **type information will be preserved**, which means that your editor will be able to keep providing you with **autocompletion**, **inline errors**, etc. The same for other tools like `mypy`.

This will be especially useful when you use it in a **large code base** where you use **the same dependencies** over and over again in **many *path operations***.
filesystem://dependencies/index.md	001983e9-7f85-4169-9cbc-ff1aa9bd8495	7	## To `async` or not to `async` { #to-async-or-not-to-async }

As dependencies will also be called by **FastAPI** (the same as your *path operation functions*), the same rules apply while defining your functions.

You can use `async def` or normal `def`.

And you can declare dependencies with `async def` inside of normal `def` *path operation functions*, or `def` dependencies inside of `async def` *path operation functions*, etc.

It doesn't matter. **FastAPI** will know what to do.

/// note

If you don't know, check the [Async: *"In a hurry?"*](../../async.md#in-a-hurry) section about `async` and `await` in the docs.

///
filesystem://dependencies/index.md	1aeb0261-4f2d-45d9-afde-e80f2c73e1e7	8	## Integrated with OpenAPI { #integrated-with-openapi }

All the request declarations, validations and requirements of your dependencies (and sub-dependencies) will be integrated in the same OpenAPI schema.

So, the interactive docs will have all the information from these dependencies too:
filesystem://dependencies/index.md	415ff6b8-16d3-404c-9c9b-750978174d67	9	## Simple usage { #simple-usage }

If you look at it, *path operation functions* are declared to be used whenever a *path* and *operation* matches, and then **FastAPI** takes care of calling the function with the correct parameters, extracting the data from the request.

Actually, all (or most) of the web frameworks work in this same way.

You never call those functions directly. They are called by your framework (in this case, **FastAPI**).

With the Dependency Injection system, you can also tell **FastAPI** that your *path operation function* also "depends" on something else that should be executed before your *path operation function*, and **FastAPI** will take care of executing it and "injecting" the results.

Other common terms for this same idea of "dependency injection" are:

* resources
* providers
* services
* injectables
* components

* resources

* resources

* providers

* providers

* services

* services

* injectables

* injectables

* components

* components
filesystem://dependencies/index.md	9e9491cf-d821-4cfd-9aec-7a2d19399729	10	## **FastAPI** plug-ins { #fastapi-plug-ins }

Integrations and "plug-ins" can be built using the **Dependency Injection** system. But in fact, there is actually **no need to create "plug-ins"**, as by using dependencies it's possible to declare an infinite number of integrations and interactions that become available to your *path operation functions*.

And dependencies can be created in a very simple and intuitive way that allows you to just import the Python packages you need, and integrate them with your API functions in a couple of lines of code, *literally*.

You will see examples of this in the next chapters, about relational and NoSQL databases, security, etc.
filesystem://dependencies/index.md	5a4544f9-3998-4af4-b326-8752311fadff	11	## **FastAPI** compatibility { #fastapi-compatibility }

The simplicity of the dependency injection system makes **FastAPI** compatible with:

* all the relational databases
* NoSQL databases
* external packages
* external APIs
* authentication and authorization systems
* API usage monitoring systems
* response data injection systems
* etc.

* all the relational databases

* all the relational databases

* NoSQL databases

* NoSQL databases

* external packages

* external packages

* external APIs

* external APIs

* authentication and authorization systems

* authentication and authorization systems

* API usage monitoring systems

* API usage monitoring systems

* response data injection systems

* response data injection systems

* etc.

* etc.
filesystem://dependencies/index.md	c1937c30-5146-4cf1-9d25-b9a1f4266139	12	## Simple and Powerful { #simple-and-powerful }

Although the hierarchical dependency injection system is very simple to define and use, it's still very powerful.

You can define dependencies that in turn can define dependencies themselves.

In the end, a hierarchical tree of dependencies is built, and the **Dependency Injection** system takes care of solving all these dependencies for you (and their sub-dependencies) and providing (injecting) the results at each step.

For example, let's say you have 4 API endpoints (*path operations*):

* `/items/public/`
* `/items/private/`
* `/users/{user_id}/activate`
* `/items/pro/`

* `/items/public/`

* `/items/public/`

* `/items/private/`

* `/items/private/`

* `/users/{user_id}/activate`

* `/users/{user_id}/activate`

* `/items/pro/`

* `/items/pro/`

then you could add different permission requirements for each of them just with dependencies and sub-dependencies:

```mermaid
graph TB

current_user(["current_user"])
active_user(["active_user"])
admin_user(["admin_user"])
paying_user(["paying_user"])

public["/items/public/"]
private["/items/private/"]
activate_user["/users/{user_id}/activate"]
pro_items["/items/pro/"]

current_user --> active_user
active_user --> admin_user
active_user --> paying_user

current_user --> public
active_user --> private
admin_user --> activate_user
paying_user --> pro_items
```
filesystem://dependencies/index.md	c0f6d22b-1a02-495f-b066-36141eb91104	13	## Integrated with **OpenAPI** { #integrated-with-openapi_1 }

All these dependencies, while declaring their requirements, also add parameters, validations, etc. to your *path operations*.

**FastAPI** will take care of adding it all to the OpenAPI schema, so that it is shown in the interactive documentation systems.
filesystem://dependencies/sub-dependencies.md	34a674db-b226-4129-b7f8-475158ab2c07	0	# Sub-dependencies { #sub-dependencies }

You can create dependencies that have **sub-dependencies**.

They can be as **deep** as you need them to be.

**FastAPI** will take care of solving them.
filesystem://dependencies/sub-dependencies.md	e59d797e-3523-4592-b56d-397e3c0a6b40	1	## First dependency "dependable" { #first-dependency-dependable }

You could create a first dependency ("dependable") like:

{* ../../docs_src/dependencies/tutorial005_an_py310.py hl[8:9] *}

It declares an optional query parameter `q` as a `str`, and then it just returns it.

This is quite simple (not very useful), but will help us focus on how the sub-dependencies work.
filesystem://dependencies/sub-dependencies.md	cff0503c-a97f-4c31-a48f-e82d3039e3a1	2	## Second dependency, "dependable" and "dependant" { #second-dependency-dependable-and-dependant }

Then you can create another dependency function (a "dependable") that at the same time declares a dependency of its own (so it is a "dependant" too):

{* ../../docs_src/dependencies/tutorial005_an_py310.py hl[13] *}

Let's focus on the parameters declared:

* Even though this function is a dependency ("dependable") itself, it also declares another dependency (it "depends" on something else).
    * It depends on the `query_extractor`, and assigns the value returned by it to the parameter `q`.
* It also declares an optional `last_query` cookie, as a `str`.
    * If the user didn't provide any query `q`, we use the last query used, which we saved to a cookie before.

* Even though this function is a dependency ("dependable") itself, it also declares another dependency (it "depends" on something else).
    * It depends on the `query_extractor`, and assigns the value returned by it to the parameter `q`.

* Even though this function is a dependency ("dependable") itself, it also declares another dependency (it "depends" on something else).

* It depends on the `query_extractor`, and assigns the value returned by it to the parameter `q`.

* It depends on the `query_extractor`, and assigns the value returned by it to the parameter `q`.

* It depends on the `query_extractor`, and assigns the value returned by it to the parameter `q`.

* It also declares an optional `last_query` cookie, as a `str`.
    * If the user didn't provide any query `q`, we use the last query used, which we saved to a cookie before.

* It also declares an optional `last_query` cookie, as a `str`.

* If the user didn't provide any query `q`, we use the last query used, which we saved to a cookie before.

* If the user didn't provide any query `q`, we use the last query used, which we saved to a cookie before.

* If the user didn't provide any query `q`, we use the last query used, which we saved to a cookie before.
filesystem://dependencies/sub-dependencies.md	a10be8ed-1189-49c8-acf7-aa3f3b1782ba	3	## Use the dependency { #use-the-dependency }

Then we can use the dependency with:

{* ../../docs_src/dependencies/tutorial005_an_py310.py hl[23] *}

/// note

Notice that we are only declaring one dependency in the *path operation function*, the `query_or_cookie_extractor`.

But **FastAPI** will know that it has to solve `query_extractor` first, to pass the results of that to `query_or_cookie_extractor` while calling it.

///

```mermaid
graph TB

query_extractor(["query_extractor"])
query_or_cookie_extractor(["query_or_cookie_extractor"])

read_query["/items/"]

query_extractor --> query_or_cookie_extractor --> read_query
```
filesystem://dependencies/sub-dependencies.md	ad5b2e3e-565e-4635-8bfa-dfc771426e73	4	## Using the same dependency multiple times { #using-the-same-dependency-multiple-times }

If one of your dependencies is declared multiple times for the same *path operation*, for example, multiple dependencies have a common sub-dependency, **FastAPI** will know to call that sub-dependency only once per request.

And it will save the returned value in a <dfn title="A utility/system to store computed/generated values, to reuse them instead of computing them again.">"cache"</dfn> and pass it to all the "dependants" that need it in that specific request, instead of calling the dependency multiple times for the same request.

In an advanced scenario where you know you need the dependency to be called at every step (possibly multiple times) in the same request instead of using the "cached" value, you can set the parameter `use_cache=False` when using `Depends`:

//// tab | Python 3.10+

```Python hl_lines="1"
async def needy_dependency(fresh_value: Annotated[str, Depends(get_value, use_cache=False)]):
    return {"fresh_value": fresh_value}
```

////

//// tab | Python 3.10+ non-Annotated

/// tip

Prefer to use the `Annotated` version if possible.

///

```Python hl_lines="1"
async def needy_dependency(fresh_value: str = Depends(get_value, use_cache=False)):
    return {"fresh_value": fresh_value}
```

////
filesystem://dependencies/sub-dependencies.md	ed9c618d-fb7b-4862-a4fb-290c326201c2	5	## Recap { #recap }

Apart from all the fancy words used here, the **Dependency Injection** system is quite simple.

Just functions that look the same as the *path operation functions*.

But still, it is very powerful, and allows you to declare arbitrarily deeply nested dependency "graphs" (trees).

/// tip

All this might not seem as useful with these simple examples.

But you will see how useful it is in the chapters about **security**.

And you will also see the amounts of code it will save you.

///
filesystem://first-steps.md	5d389fb4-aea6-4b2c-9046-837fa8015f32	0	# First Steps { #first-steps }

The simplest FastAPI file could look like this:

{* ../../docs_src/first_steps/tutorial001_py310.py *}

Copy that to a file `main.py`.

/// tip

FastAPI has an [official extension for VS Code](https://marketplace.visualstudio.com/items?itemName=FastAPILabs.fastapi-vscode) (and Cursor), which provides a lot of features, including a path operation explorer, path operation search, CodeLens navigation in tests (jump to definition from tests), and FastAPI Cloud deployment and logs, all from your editor.

///

Run the live server:

```console
$ <font color="#4E9A06">uv run fastapi</font> dev

  <span style="background-color:#009485"><font color="#D3D7CF"> FastAPI </font></span>  Starting development server 🚀

             Searching for package file structure from directories
             with <font color="#3465A4">__init__.py</font> files
             Importing from <font color="#75507B">/home/user/code/</font><font color="#AD7FA8">awesomeapp</font>

   <span style="background-color:#007166"><font color="#D3D7CF"> module </font></span>  🐍 main.py

     <span style="background-color:#007166"><font color="#D3D7CF"> code </font></span>  Importing the FastAPI app object from the module with
             the following code:

             <u style="text-decoration-style:solid">from </u><u style="text-decoration-style:solid"><b>main</b></u><u style="text-decoration-style:solid"> import </u><u style="text-decoration-style:solid"><b>app</b></u>

      <span style="background-color:#007166"><font color="#D3D7CF"> app </font></span>  Using import string: <font color="#3465A4">main:app</font>

   <span style="background-color:#007166"><font color="#D3D7CF"> server </font></span>  Server started at <font color="#729FCF"><u style="text-decoration-style:solid">http://127.0.0.1:8000</u></font>
   <span style="background-color:#007166"><font color="#D3D7CF"> server </font></span>  Documentation at <font color="#729FCF"><u style="text-decoration-style:solid">http://127.0.0.1:8000/docs</u></font>

      <span style="background-color:#007166"><font color="#D3D7CF"> tip </font></span>  Running in development mode, for production use:
             <b>fastapi run</b>

             Logs:

     <span style="background-color:#007166"><font color="#D3D7CF"> INFO </font></span>  Will watch for changes in these directories:
             <b>[</b><font color="#4E9A06">&apos;/home/user/code/awesomeapp&apos;</font><b>]</b>
     <span style="background-color:#007166"><font color="#D3D7CF"> INFO </font></span>  Uvicorn running on <font color="#729FCF"><u style="text-decoration-style:solid">http://127.0.0.1:8000</u></font> <b>(</b>Press CTRL+C
             to quit<b>)</b>
     <span style="background-color:#007166"><font color="#D3D7CF"> INFO </font></span>  Started reloader process <b>[</b><font color="#34E2E2"><b>383138</b></font><b>]</b> using WatchFiles
     <span style="background-color:#007166"><font color="#D3D7CF"> INFO </font></span>  Started server process <b>[</b><font color="#34E2E2"><b>383153</b></font><b>]</b>
     <span style="background-color:#007166"><font color="#D3D7CF"> INFO </font></span>  Waiting for application startup.
     <span style="background-color:#007166"><font color="#D3D7CF"> INFO </font></span>  Application startup complete.
```

In the output, there's a line with something like:

```hl_lines="4"
INFO:     Uvicorn running on http://127.0.0.1:8000 (Press CTRL+C to quit)
```

That line shows the URL where your app is being served on your local machine.
filesystem://first-steps.md	ee409b00-0c9c-4313-9670-eb89ea95d4f6	1	### Check it { #check-it }

Open your browser at [http://127.0.0.1:8000](http://127.0.0.1:8000).

You will see the JSON response as:

```JSON
{"message": "Hello World"}
```
filesystem://first-steps.md	ceef6a22-ec7c-4376-b1b6-94b0f65ffb70	2	### Interactive API docs { #interactive-api-docs }

Now go to [http://127.0.0.1:8000/docs](http://127.0.0.1:8000/docs).

You will see the automatic interactive API documentation (provided by [Swagger UI](https://github.com/swagger-api/swagger-ui)):

![Swagger UI](https://fastapi.tiangolo.com/img/index/index-01-swagger-ui-simple.png)
filesystem://first-steps.md	445ea889-bb0b-459d-86ba-11d341735902	3	### Alternative API docs { #alternative-api-docs }

And now, go to [http://127.0.0.1:8000/redoc](http://127.0.0.1:8000/redoc).

You will see the alternative automatic documentation (provided by [ReDoc](https://github.com/Redocly/redoc)):

![ReDoc](https://fastapi.tiangolo.com/img/index/index-02-redoc-simple.png)
filesystem://first-steps.md	dbbed108-93b7-45fb-8f22-930cac91f97b	4	### OpenAPI { #openapi }

**FastAPI** generates a "schema" with all your API using the **OpenAPI** standard for defining APIs.
filesystem://first-steps.md	cd823c15-9968-4e44-9ec6-0aa9f053ce6d	5	#### "Schema" { #schema }

A "schema" is a definition or description of something. Not the code that implements it, but just an abstract description.
filesystem://first-steps.md	e94cc4f3-8d67-4948-9040-91584655cd58	6	#### API "schema" { #api-schema }

In this case, [OpenAPI](https://github.com/OAI/OpenAPI-Specification) is a specification that dictates how to define a schema of your API.

This schema definition includes your API paths, the possible parameters they take, etc.
filesystem://first-steps.md	c9dca0e7-e4b3-4630-a67d-3ac97986c5a3	7	#### Data "schema" { #data-schema }

The term "schema" might also refer to the shape of some data, like a JSON content.

In that case, it would mean the JSON attributes, and data types they have, etc.
filesystem://first-steps.md	14b070a9-2307-4d6a-b092-fabc29c9ef91	8	#### OpenAPI and JSON Schema { #openapi-and-json-schema }

OpenAPI defines an API schema for your API. And that schema includes definitions (or "schemas") of the data sent and received by your API using **JSON Schema**, the standard for JSON data schemas.
filesystem://first-steps.md	62f86d24-38f9-454b-bab8-97e2ae0ce3f8	9	#### Check the `openapi.json` { #check-the-openapi-json }

If you are curious about what the raw OpenAPI schema looks like, FastAPI automatically generates a JSON (schema) with the descriptions of all your API.

You can see it directly at: [http://127.0.0.1:8000/openapi.json](http://127.0.0.1:8000/openapi.json).

It will show a JSON starting with something like:

```JSON
{
    "openapi": "3.1.0",
    "info": {
        "title": "FastAPI",
        "version": "0.1.0"
    },
    "paths": {
        "/items/": {
            "get": {
                "responses": {
                    "200": {
                        "description": "Successful Response",
                        "content": {
                            "application/json": {



...
```
filesystem://first-steps.md	9a47485c-8a5d-4504-b4c6-5ecb089f1df9	10	#### What is OpenAPI for { #what-is-openapi-for }

The OpenAPI schema is what powers the two interactive documentation systems included.

And there are dozens of alternatives, all based on OpenAPI. You could easily add any of those alternatives to your application built with **FastAPI**.

You could also use it to generate code automatically, for clients that communicate with your API. For example, frontend, mobile or IoT applications.
filesystem://first-steps.md	ac5ede05-8e9b-4b6d-b1b4-b1e02d0c8169	11	### Configure the app `entrypoint` in `pyproject.toml` { #configure-the-app-entrypoint-in-pyproject-toml }

You can configure where your app is located in a `pyproject.toml` file like:

```toml
[tool.fastapi]
entrypoint = "main:app"
```

That `entrypoint` will tell the `fastapi` command that it should import the app like:

```python
from main import app
```

If your code was structured like:

```
.
├── backend
│   ├── main.py
│   ├── __init__.py
```

Then you would set the `entrypoint` as:

```toml
[tool.fastapi]
entrypoint = "backend.main:app"
```

which would be equivalent to:

```python
from backend.main import app
```
filesystem://first-steps.md	940b0564-4bba-4e1b-9679-00cfd7bae470	12	### `fastapi dev` with path or with `--entrypoint` CLI option { #fastapi-dev-with-path-or-with-entrypoint-cli-option }

You can also pass the file path to the `fastapi dev` command, and it will guess the FastAPI app object to use:

```console
$ uv run fastapi dev main.py
```

Or, you can also pass the `--entrypoint` option to the `fastapi dev` command:

```console
$ uv run fastapi dev --entrypoint main:app
```

But you would have to remember to pass the correct path\entrypoint every time you call the `fastapi` command.

Additionally, other tools might not be able to find it, for example the [VS Code Extension](../editor-support.md) or [FastAPI Cloud](https://fastapicloud.com), so it is recommended to use the `entrypoint` in `pyproject.toml`.
filesystem://first-steps.md	efde2fb4-2bbc-4cc2-81dd-d2a905d21e6f	13	### Deploy your app (optional) { #deploy-your-app-optional }

You can optionally deploy your FastAPI app to [FastAPI Cloud](https://fastapicloud.com) with a single command. 🚀

```console
$ uv run fastapi deploy

Deploying to FastAPI Cloud...

✅ Deployment successful!

🐔 Ready the chicken! Your app is ready at https://myapp.fastapicloud.dev
```

The CLI will automatically detect your FastAPI application and deploy it to the cloud. If you are not logged in, your browser will open to complete the authentication process.

That's it! Now you can access your app at that URL. ✨
filesystem://first-steps.md	7e2895c7-7eb2-4e02-8df5-e357bd8fd328	14	## Recap, step by step { #recap-step-by-step }
filesystem://first-steps.md	46c4487f-3e70-4f04-a4aa-147e75f8fa0a	15	### Step 1: import `FastAPI` { #step-1-import-fastapi }

{* ../../docs_src/first_steps/tutorial001_py310.py hl[1] *}

`FastAPI` is a Python class that provides all the functionality for your API.

/// note | Technical Details

`FastAPI` is a class that inherits directly from `Starlette`.

You can use all the [Starlette](https://starlette.dev/) functionality with `FastAPI` too.

///
filesystem://first-steps.md	6e1eb33b-932b-4225-a163-de308f3d1b21	16	### Step 2: create a `FastAPI` "instance" { #step-2-create-a-fastapi-instance }

{* ../../docs_src/first_steps/tutorial001_py310.py hl[3] *}

Here the `app` variable will be an "instance" of the class `FastAPI`.

This will be the main point of interaction to create all your API.
filesystem://first-steps.md	2bc56dfa-4022-41d4-abee-6b858df12601	17	### Step 3: create a *path operation* { #step-3-create-a-path-operation }
filesystem://first-steps.md	6f74b0ce-1362-4ae8-bb9e-2b7841c6e25f	18	#### Path { #path }

"Path" here refers to the last part of the URL starting from the first `/`.

So, in a URL like:

```
https://example.com/items/foo
```

...the path would be:

```
/items/foo
```

/// note

A "path" is also commonly called an "endpoint" or a "route".

///

While building an API, the "path" is the main way to separate "concerns" and "resources".
filesystem://first-steps.md	874ed38d-d76b-47dc-9de8-f4c84535b2b9	19	#### Operation { #operation }

"Operation" here refers to one of the HTTP "methods".

One of:

* `POST`
* `GET`
* `PUT`
* `DELETE`

* `POST`

* `POST`

* `GET`

* `GET`

* `PUT`

* `PUT`

* `DELETE`

* `DELETE`

...and the more exotic ones:

* `OPTIONS`
* `HEAD`
* `PATCH`
* `TRACE`

* `OPTIONS`

* `OPTIONS`

* `HEAD`

* `HEAD`

* `PATCH`

* `PATCH`

* `TRACE`

* `TRACE`

In the HTTP protocol, you can communicate to each path using one (or more) of these "methods".

When building APIs, you normally use these specific HTTP methods to perform a specific action.

Normally you use:

* `POST`: to create data.
* `GET`: to read data.
* `PUT`: to update data.
* `DELETE`: to delete data.

* `POST`: to create data.

* `POST`: to create data.

* `GET`: to read data.

* `GET`: to read data.

* `PUT`: to update data.

* `PUT`: to update data.

* `DELETE`: to delete data.

* `DELETE`: to delete data.

So, in OpenAPI, each of the HTTP methods is called an "operation".

We are going to call them "**operations**" too.
filesystem://first-steps.md	9d4390ef-975d-4af8-ae2a-22c7b151f001	20	#### Define a *path operation decorator* { #define-a-path-operation-decorator }

{* ../../docs_src/first_steps/tutorial001_py310.py hl[6] *}

The `@app.get("/")` tells **FastAPI** that the function right below is in charge of handling requests that go to:

* the path `/`
* using a <dfn title="an HTTP GET method"><code>get</code> operation</dfn>

* the path `/`

* the path `/`

* using a <dfn title="an HTTP GET method"><code>get</code> operation</dfn>

* using a <dfn title="an HTTP GET method"><code>get</code> operation</dfn>

/// note | `@decorator` Info

That `@something` syntax in Python is called a "decorator".

You put it on top of a function. Like a pretty decorative hat (I guess that's where the term came from).

A "decorator" takes the function below and does something with it.

In our case, this decorator tells **FastAPI** that the function below corresponds to the **path** `/` with an **operation** `get`.

It is the "**path operation decorator**".

///

You can also use the other operations:

* `@app.post()`
* `@app.put()`
* `@app.delete()`

* `@app.post()`

* `@app.post()`

* `@app.put()`

* `@app.put()`

* `@app.delete()`

* `@app.delete()`

And the more exotic ones:

* `@app.options()`
* `@app.head()`
* `@app.patch()`
* `@app.trace()`

* `@app.options()`

* `@app.options()`

* `@app.head()`

* `@app.head()`

* `@app.patch()`

* `@app.patch()`

* `@app.trace()`

* `@app.trace()`

/// tip

You are free to use each operation (HTTP method) as you wish.

**FastAPI** doesn't enforce any specific meaning.

The information here is presented as a guideline, not a requirement.

For example, when using GraphQL you normally perform all the actions using only `POST` operations.

///
filesystem://first-steps.md	db0f06cc-b031-4451-a545-db42ff50540e	21	### Step 4: define the **path operation function** { #step-4-define-the-path-operation-function }

This is our "**path operation function**":

* **path**: is `/`.
* **operation**: is `get`.
* **function**: is the function below the "decorator" (below `@app.get("/")`).

* **path**: is `/`.

* **path**: is `/`.

* **operation**: is `get`.

* **operation**: is `get`.

* **function**: is the function below the "decorator" (below `@app.get("/")`).

* **function**: is the function below the "decorator" (below `@app.get("/")`).

{* ../../docs_src/first_steps/tutorial001_py310.py hl[7] *}

This is a Python function.

It will be called by **FastAPI** whenever it receives a request to the URL "`/`" using a `GET` operation.

In this case, it is an `async` function.

You could also define it as a normal function instead of `async def`:

{* ../../docs_src/first_steps/tutorial003_py310.py hl[7] *}

/// note

If you don't know the difference, check the [Async: *"In a hurry?"*](../async.md#in-a-hurry).

///
filesystem://first-steps.md	c0e2b12f-d7f0-4ed0-9522-9c9f2ecf443d	22	### Step 5: return the content { #step-5-return-the-content }

{* ../../docs_src/first_steps/tutorial001_py310.py hl[8] *}

You can return a `dict`, `list`, singular values as `str`, `int`, etc.

You can also return Pydantic models (you'll see more about that later).

There are many other objects and models that will be automatically converted to JSON (including ORMs, etc). Try using your favorite ones, it's highly probable that they are already supported.
filesystem://first-steps.md	9cba72ac-312c-44f7-baa6-03cc9556d758	23	### Step 6: Deploy it { #step-6-deploy-it }

Deploy your app to **[FastAPI Cloud](https://fastapicloud.com)** with one command: `fastapi deploy`. 🎉
filesystem://first-steps.md	6ab079cf-a2d5-4257-806d-5c4cf7f4dace	24	#### About FastAPI Cloud { #about-fastapi-cloud }

**[FastAPI Cloud](https://fastapicloud.com)** is built by the same author and team behind **FastAPI**.

It streamlines the process of **building**, **deploying**, and **accessing** an API with minimal effort.

It brings the same **developer experience** of building apps with FastAPI to **deploying** them to the cloud. 🎉

FastAPI Cloud is the primary sponsor and funding provider for the *FastAPI and friends* open source projects. ✨
filesystem://first-steps.md	29bcded4-cb67-4270-8b15-f8a9d7b6500d	25	#### Deploy to other cloud providers { #deploy-to-other-cloud-providers }

FastAPI is open source and based on standards. You can deploy FastAPI apps to any cloud provider you choose.

Follow your cloud provider's guides to deploy FastAPI apps with them. 🤓
filesystem://first-steps.md	085387d2-c696-429a-8ab2-79ac3b4f812d	26	## Recap { #recap }

* Import `FastAPI`.
* Create an `app` instance.
* Write a **path operation decorator** using decorators like `@app.get("/")`.
* Define a **path operation function**; for example, `def root(): ...`.
* Run the development server using the command `fastapi dev`.
* Optionally deploy your app with `fastapi deploy`.

* Import `FastAPI`.

* Import `FastAPI`.

* Create an `app` instance.

* Create an `app` instance.

* Write a **path operation decorator** using decorators like `@app.get("/")`.

* Write a **path operation decorator** using decorators like `@app.get("/")`.

* Define a **path operation function**; for example, `def root(): ...`.

* Define a **path operation function**; for example, `def root(): ...`.

* Run the development server using the command `fastapi dev`.

* Run the development server using the command `fastapi dev`.

* Optionally deploy your app with `fastapi deploy`.

* Optionally deploy your app with `fastapi deploy`.
filesystem://handling-errors.md	568d71d8-8e2f-4f7e-8297-27d5bdcbcdd3	0	# Handling Errors { #handling-errors }

There are many situations in which you need to report an error to a client that is using your API.

This client could be a browser with a frontend, a code from someone else, an IoT device, etc.

You could need to tell the client that:

* The client doesn't have enough privileges for that operation.
* The client doesn't have access to that resource.
* The item the client was trying to access doesn't exist.
* etc.

* The client doesn't have enough privileges for that operation.

* The client doesn't have enough privileges for that operation.

* The client doesn't have access to that resource.

* The client doesn't have access to that resource.

* The item the client was trying to access doesn't exist.

* The item the client was trying to access doesn't exist.

* etc.

* etc.

In these cases, you would normally return an **HTTP status code** in the range of **400** (from 400 to 499).

This is similar to the 200 HTTP status codes (from 200 to 299). Those "200" status codes mean that somehow there was a "success" in the request.

The status codes in the 400 range mean that there was an error from the client.

Remember all those **"404 Not Found"** errors (and jokes)?
filesystem://handling-errors.md	322cdc08-0458-4b30-9877-eacb200cb507	1	## Use `HTTPException` { #use-httpexception }

To return HTTP responses with errors to the client you use `HTTPException`.
filesystem://handling-errors.md	7f72659f-c45d-43f4-8230-7ac6c72a5ed0	2	### Import `HTTPException` { #import-httpexception }

{* ../../docs_src/handling_errors/tutorial001_py310.py hl[1] *}
filesystem://handling-errors.md	b93aa7b7-8a69-4ae4-a851-0ec0e3b6daa9	3	### Raise an `HTTPException` in your code { #raise-an-httpexception-in-your-code }

`HTTPException` is a normal Python exception with additional data relevant for APIs.

Because it's a Python exception, you don't `return` it, you `raise` it.

This also means that if you are inside a utility function that you are calling inside of your *path operation function*, and you raise the `HTTPException` from inside of that utility function, it won't run the rest of the code in the *path operation function*, it will terminate that request right away and send the HTTP error from the `HTTPException` to the client.

The benefit of raising an exception over returning a value will be more evident in the section about Dependencies and Security.

In this example, when the client requests an item by an ID that doesn't exist, raise an exception with a status code of `404`:

{* ../../docs_src/handling_errors/tutorial001_py310.py hl[11] *}
filesystem://handling-errors.md	c89de8b8-5cc9-4e96-9de8-ce9f80aa222f	4	### The resulting response { #the-resulting-response }

If the client requests `http://example.com/items/foo` (an `item_id` `"foo"`), that client will receive an HTTP status code of 200, and a JSON response of:

```JSON
{
  "item": "The Foo Wrestlers"
}
```

But if the client requests `http://example.com/items/bar` (a non-existent `item_id` `"bar"`), that client will receive an HTTP status code of 404 (the "not found" error), and a JSON response of:

```JSON
{
  "detail": "Item not found"
}
```

/// tip

When raising an `HTTPException`, you can pass any value that can be converted to JSON as the parameter `detail`, not only `str`.

You could pass a `dict`, a `list`, etc.

They are handled automatically by **FastAPI** and converted to JSON.

///
filesystem://handling-errors.md	76edf0cf-65f3-48f0-ade2-d6433168d1ad	5	## Add custom headers { #add-custom-headers }

There are some situations where it's useful to be able to add custom headers to the HTTP error. For example, for some types of security.

You probably won't need to use it directly in your code.

But in case you needed it for an advanced scenario, you can add custom headers:

{* ../../docs_src/handling_errors/tutorial002_py310.py hl[14] *}
filesystem://handling-errors.md	4349be22-4d42-4eef-b9ec-a0c14986bda3	6	## Install custom exception handlers { #install-custom-exception-handlers }

You can add custom exception handlers with [the same exception utilities from Starlette](https://starlette.dev/exceptions/).

Let's say you have a custom exception `UnicornException` that you (or a library you use) might `raise`.

And you want to handle this exception globally with FastAPI.

You could add a custom exception handler with `@app.exception_handler()`:

{* ../../docs_src/handling_errors/tutorial003_py310.py hl[5:7,13:18,24] *}

Here, if you request `/unicorns/yolo`, the *path operation* will `raise` a `UnicornException`.

But it will be handled by the `unicorn_exception_handler`.

So, you will receive a clean error, with an HTTP status code of `418` and a JSON content of:

```JSON
{"message": "Oops! yolo did something. There goes a rainbow..."}
```

/// note | Technical Details

You could also use `from starlette.requests import Request` and `from starlette.responses import JSONResponse`.

**FastAPI** provides the same `starlette.responses` as `fastapi.responses` just as a convenience for you, the developer. But most of the available responses come directly from Starlette. The same with `Request`.

///
filesystem://handling-errors.md	fbe2123e-7150-486f-8007-d46e2300b9cd	7	## Override the default exception handlers { #override-the-default-exception-handlers }

**FastAPI** has some default exception handlers.

These handlers are in charge of returning the default JSON responses when you `raise` an `HTTPException` and when the request has invalid data.

You can override these exception handlers with your own.
filesystem://handling-errors.md	0120c719-59fa-4db3-a81b-d437130035bd	8	### Override request validation exceptions { #override-request-validation-exceptions }

When a request contains invalid data, **FastAPI** internally raises a `RequestValidationError`.

And it also includes a default exception handler for it.

To override it, import the `RequestValidationError` and use it with `@app.exception_handler(RequestValidationError)` to decorate the exception handler.

The exception handler will receive a `Request` and the exception.

{* ../../docs_src/handling_errors/tutorial004_py310.py hl[2,14:19] *}

Now, if you go to `/items/foo`, instead of getting the default JSON error with:

```JSON
{
    "detail": [
        {
            "loc": [
                "path",
                "item_id"
            ],
            "msg": "value is not a valid integer",
            "type": "type_error.integer"
        }
    ]
}
```

you will get a text version, with:

```
Validation errors:
Field: ('path', 'item_id'), Error: Input should be a valid integer, unable to parse string as an integer
```
filesystem://handling-errors.md	e8cf690d-5194-4112-a40a-1b96b1127fae	9	### Override the `HTTPException` error handler { #override-the-httpexception-error-handler }

The same way, you can override the `HTTPException` handler.

For example, you could want to return a plain text response instead of JSON for these errors:

{* ../../docs_src/handling_errors/tutorial004_py310.py hl[3:4,9:11,25] *}

/// note | Technical Details

You could also use `from starlette.responses import PlainTextResponse`.

**FastAPI** provides the same `starlette.responses` as `fastapi.responses` just as a convenience for you, the developer. But most of the available responses come directly from Starlette.

///

/// warning

Have in mind that the `RequestValidationError` contains the information of the file name and line where the validation error happens so that you can show it in your logs with the relevant information if you want to.

But that means that if you just convert it to a string and return that information directly, you could be leaking a bit of information about your system, that's why here the code extracts and shows each error independently.

///
filesystem://handling-errors.md	9d38d9e0-ce36-4fdf-9341-60fb7ad8add2	10	### Use the `RequestValidationError` body { #use-the-requestvalidationerror-body }

The `RequestValidationError` contains the `body` it received with invalid data.

You could use it while developing your app to log the body and debug it, return it to the user, etc.

{* ../../docs_src/handling_errors/tutorial005_py310.py hl[14] *}

Now try sending an invalid item like:

```JSON
{
  "title": "towel",
  "size": "XL"
}
```

You will receive a response telling you that the data is invalid containing the received body:

```JSON hl_lines="12-15"
{
  "detail": [
    {
      "loc": [
        "body",
        "size"
      ],
      "msg": "value is not a valid integer",
      "type": "type_error.integer"
    }
  ],
  "body": {
    "title": "towel",
    "size": "XL"
  }
}
```
filesystem://handling-errors.md	3548c903-993a-46eb-b30c-2596f6297063	11	#### FastAPI's `HTTPException` vs Starlette's `HTTPException` { #fastapis-httpexception-vs-starlettes-httpexception }

**FastAPI** has its own `HTTPException`.

And **FastAPI**'s `HTTPException` error class inherits from Starlette's `HTTPException` error class.

The only difference is that **FastAPI**'s `HTTPException` accepts any JSON-able data for the `detail` field, while Starlette's `HTTPException` only accepts strings for it.

So, you can keep raising **FastAPI**'s `HTTPException` as normally in your code.

But when you register an exception handler, you should register it for Starlette's `HTTPException`.

This way, if any part of Starlette's internal code, or a Starlette extension or plug-in, raises a Starlette `HTTPException`, your handler will be able to catch and handle it.

In this example, to be able to have both `HTTPException`s in the same code, Starlette's exceptions is renamed to `StarletteHTTPException`:

```Python
from starlette.exceptions import HTTPException as StarletteHTTPException
```
filesystem://handling-errors.md	5baa2aa9-ccf1-488a-a61f-bcc91d419db6	12	### Reuse **FastAPI**'s exception handlers { #reuse-fastapis-exception-handlers }

If you want to use the exception along with the same default exception handlers from  **FastAPI**, you can import and reuse the default exception handlers from `fastapi.exception_handlers`:

{* ../../docs_src/handling_errors/tutorial006_py310.py hl[2:5,15,21] *}

In this example you are just printing the error with a very expressive message, but you get the idea. You can use the exception and then just reuse the default exception handlers.
filesystem://middleware.md	e06ee997-a17c-43b2-974a-22839bf6cf19	0	# Middleware { #middleware }

You can add middleware to **FastAPI** applications.

A "middleware" is a function that works with every **request** before it is processed by any specific *path operation*. And also with every **response** before returning it.

* It takes each **request** that comes to your application.
* It can then do something to that **request** or run any needed code.
* Then it passes the **request** to be processed by the rest of the application (by some *path operation*).
* It then takes the **response** generated by the application (by some *path operation*).
* It can do something to that **response** or run any needed code.
* Then it returns the **response**.

* It takes each **request** that comes to your application.

* It takes each **request** that comes to your application.

* It can then do something to that **request** or run any needed code.

* It can then do something to that **request** or run any needed code.

* Then it passes the **request** to be processed by the rest of the application (by some *path operation*).

* Then it passes the **request** to be processed by the rest of the application (by some *path operation*).

* It then takes the **response** generated by the application (by some *path operation*).

* It then takes the **response** generated by the application (by some *path operation*).

* It can do something to that **response** or run any needed code.

* It can do something to that **response** or run any needed code.

* Then it returns the **response**.

* Then it returns the **response**.

/// note | Technical Details

If you have dependencies with `yield`, the exit code will run *after* the middleware.

If there were any background tasks (covered in the [Background Tasks](background-tasks.md) section, you will see it later), they will run *after* all the middleware.

///
filesystem://middleware.md	00c5b786-ccbe-4f59-af0b-f3061deab928	1	## Create a middleware { #create-a-middleware }

To create a middleware you use the decorator `@app.middleware("http")` on top of a function.

The middleware function receives:

* The `request`.
* A function `call_next` that will receive the `request` as a parameter.
    * This function will pass the `request` to the corresponding *path operation*.
    * Then it returns the `response` generated by the corresponding *path operation*.
* You can then further modify the `response` before returning it.

* The `request`.

* The `request`.

* A function `call_next` that will receive the `request` as a parameter.
    * This function will pass the `request` to the corresponding *path operation*.
    * Then it returns the `response` generated by the corresponding *path operation*.

* A function `call_next` that will receive the `request` as a parameter.

* This function will pass the `request` to the corresponding *path operation*.
    * Then it returns the `response` generated by the corresponding *path operation*.

* This function will pass the `request` to the corresponding *path operation*.

* This function will pass the `request` to the corresponding *path operation*.

* Then it returns the `response` generated by the corresponding *path operation*.

* Then it returns the `response` generated by the corresponding *path operation*.

* You can then further modify the `response` before returning it.

* You can then further modify the `response` before returning it.

{* ../../docs_src/middleware/tutorial001_py310.py hl[8:9,11,14] *}

/// tip

Keep in mind that custom proprietary headers can be added [using the `X-` prefix](https://developer.mozilla.org/en-US/docs/Web/HTTP/Headers).

But if you have custom headers that you want a client in a browser to be able to see, you need to add them to your CORS configurations ([CORS (Cross-Origin Resource Sharing)](cors.md)) using the parameter `expose_headers` documented in [Starlette's CORS docs](https://starlette.dev/middleware/#corsmiddleware).

///

/// note | Technical Details

You could also use `from starlette.requests import Request`.

**FastAPI** provides it as a convenience for you, the developer. But it comes directly from Starlette.

///
filesystem://middleware.md	39175282-218b-4e0c-86ec-8a0782e7ec45	2	### Before and after the `response` { #before-and-after-the-response }

You can add code to be run with the `request`,  before any *path operation* receives it.

And also after the `response` is generated, before returning it.

For example, you could add a custom header `X-Process-Time` containing the time in seconds that it took to process the request and generate a response:

{* ../../docs_src/middleware/tutorial001_py310.py hl[10,12:13] *}

/// tip

Here we use [`time.perf_counter()`](https://docs.python.org/3/library/time.html#time.perf_counter) instead of `time.time()` because it can be more precise for these use cases. 🤓

///
filesystem://middleware.md	ada427bd-2fc8-4b38-bf4d-8d83489aa0ae	3	## Multiple middleware execution order { #multiple-middleware-execution-order }

When you add multiple middlewares using either `@app.middleware()` decorator or `app.add_middleware()` method, each new middleware wraps the application, forming a stack. The last middleware added is the *outermost*, and the first is the *innermost*.

On the request path, the *outermost* middleware runs first.

On the response path, it runs last.

For example:

```Python
app.add_middleware(MiddlewareA)
app.add_middleware(MiddlewareB)
```

This results in the following execution order:

* **Request**: MiddlewareB → MiddlewareA → route

* **Response**: route → MiddlewareA → MiddlewareB

* **Request**: MiddlewareB → MiddlewareA → route

* **Request**: MiddlewareB → MiddlewareA → route

* **Response**: route → MiddlewareA → MiddlewareB

* **Response**: route → MiddlewareA → MiddlewareB

This stacking behavior ensures that middlewares are executed in a predictable and controllable order.
filesystem://middleware.md	5cf5f7cf-3228-4864-a695-d71cc40524e9	4	## Other middlewares { #other-middlewares }

You can later read more about other middlewares in the [Advanced User Guide: Advanced Middleware](../advanced/middleware.md).

You will read about how to handle <abbr title="Cross-Origin Resource Sharing">CORS</abbr> with a middleware in the next section.
filesystem://path-params.md	e1c41b91-ebc6-43dd-8399-d9377391fa0e	0	# Path Parameters { #path-parameters }

You can declare path "parameters" or "variables" with the same syntax used by Python format strings:

{* ../../docs_src/path_params/tutorial001_py310.py hl[6:7] *}

The value of the path parameter `item_id` will be passed to your function as the argument `item_id`.

So, if you run this example and go to [http://127.0.0.1:8000/items/foo](http://127.0.0.1:8000/items/foo), you will see a response of:

```JSON
{"item_id":"foo"}
```
filesystem://path-params.md	8535436d-a84a-4920-9bea-7a37bfd058ef	1	## Path parameters with types { #path-parameters-with-types }

You can declare the type of a path parameter in the function, using standard Python type annotations:

{* ../../docs_src/path_params/tutorial002_py310.py hl[7] *}

In this case, `item_id` is declared to be an `int`.

/// tip

This will give you editor support inside of your function, with error checks, completion, etc.

///
filesystem://path-params.md	5e2f8502-248e-48c7-8ed0-a8a9ec321350	2	## Data <dfn title="also known as: serialization, parsing, marshalling">conversion</dfn> { #data-conversion }

If you run this example and open your browser at [http://127.0.0.1:8000/items/3](http://127.0.0.1:8000/items/3), you will see a response of:

```JSON
{"item_id":3}
```

/// tip

Notice that the value your function received (and returned) is `3`, as a Python `int`, not a string `"3"`.

So, with that type declaration, **FastAPI** gives you automatic request <dfn title="converting the string that comes from an HTTP request into Python data">"parsing"</dfn>.

///
filesystem://path-params.md	256f10a8-a117-41eb-9125-9547b0ea3eda	3	## Data validation { #data-validation }

But if you go to the browser at [http://127.0.0.1:8000/items/foo](http://127.0.0.1:8000/items/foo), you will see a nice HTTP error of:

```JSON
{
  "detail": [
    {
      "type": "int_parsing",
      "loc": [
        "path",
        "item_id"
      ],
      "msg": "Input should be a valid integer, unable to parse string as an integer",
      "input": "foo"
    }
  ]
}
```

because the path parameter `item_id` had a value of `"foo"`, which is not an `int`.

The same error would appear if you provided a `float` instead of an `int`, as in: [http://127.0.0.1:8000/items/4.2](http://127.0.0.1:8000/items/4.2)

/// tip

So, with the same Python type declaration, **FastAPI** gives you data validation.

Notice that the error also clearly states exactly the point where the validation didn't pass.

This is incredibly helpful while developing and debugging code that interacts with your API.

///
filesystem://path-params.md	876b8c13-359a-4a4d-9dbb-53a35cecd607	4	## Documentation { #documentation }

And when you open your browser at [http://127.0.0.1:8000/docs](http://127.0.0.1:8000/docs), you will see an automatic, interactive, API documentation like:

/// tip

Again, just with that same Python type declaration, **FastAPI** gives you automatic, interactive documentation (integrating Swagger UI).

Notice that the path parameter is declared to be an integer.

///
filesystem://path-params.md	10c5c88c-62a3-4d4c-abeb-ab2fcddfd998	5	## Standards-based benefits, alternative documentation { #standards-based-benefits-alternative-documentation }

And because the generated schema is from the [OpenAPI](https://github.com/OAI/OpenAPI-Specification/blob/main/versions/3.1.0.md) standard, there are many compatible tools.

Because of this, **FastAPI** itself provides an alternative API documentation (using ReDoc), which you can access at [http://127.0.0.1:8000/redoc](http://127.0.0.1:8000/redoc):

The same way, there are many compatible tools. Including code generation tools for many languages.
filesystem://path-params.md	5a0e37d1-32e6-4238-af55-605241d1b380	6	## Pydantic { #pydantic }

All the data validation is performed under the hood by [Pydantic](https://pydantic.dev/docs/), so you get all the benefits from it. And you know you are in good hands.

You can use the same type declarations with `str`, `float`, `bool` and many other complex data types.

Several of these are explored in the next chapters of the tutorial.
filesystem://path-params.md	8bcf676e-6984-41ee-963b-42d04667ea34	7	## Order matters { #order-matters }

When creating *path operations*, you can find situations where you have a fixed path.

Like `/users/me`, let's say that it's to get data about the current user.

And then you can also have a path `/users/{user_id}` to get data about a specific user by some user ID.

Because *path operations* are evaluated in order, you need to make sure that the path for `/users/me` is declared before the one for `/users/{user_id}`:

{* ../../docs_src/path_params/tutorial003_py310.py hl[6,11] *}

Otherwise, the path for `/users/{user_id}` would match also for `/users/me`, "thinking" that it's receiving a parameter `user_id` with a value of `"me"`.

Similarly, you cannot redefine a path operation:

{* ../../docs_src/path_params/tutorial003b_py310.py hl[6,11] *}

The first one will always be used since the path matches first.
filesystem://path-params.md	0a5158e1-9a75-4dcc-9677-1eabe69cfd99	8	## Predefined values { #predefined-values }

If you have a *path operation* that receives a *path parameter*, but you want the possible valid *path parameter* values to be predefined, you can use a standard Python <abbr title="Enumeration">`Enum`</abbr>.
filesystem://path-params.md	f1e07743-892e-40f8-b87e-bb6ac972eed9	9	### Create an `Enum` class { #create-an-enum-class }

Import `Enum` and create a sub-class that inherits from `str` and from `Enum`.

By inheriting from `str` the API docs will be able to know that the values must be of type `string` and will be able to render correctly.

Then create class attributes with fixed values, which will be the available valid values:

{* ../../docs_src/path_params/tutorial005_py310.py hl[1,6:9] *}

/// tip

If you are wondering, "AlexNet", "ResNet", and "LeNet" are just names of Machine Learning <dfn title="Technically, Deep Learning model architectures">models</dfn>.

///
filesystem://path-params.md	fa65f088-dcaf-4093-b0ee-2ac33604ade0	10	### Declare a *path parameter* { #declare-a-path-parameter }

Then create a *path parameter* with a type annotation using the enum class you created (`ModelName`):

{* ../../docs_src/path_params/tutorial005_py310.py hl[16] *}
filesystem://path-params.md	65b25121-2754-47bb-ba37-e9433916d661	11	### Check the docs { #check-the-docs }

Because the available values for the *path parameter* are predefined, the interactive docs can show them nicely:
filesystem://path-params.md	d8ce774c-8513-4574-a349-480848620f6f	12	### Working with Python *enumerations* { #working-with-python-enumerations }

The value of the *path parameter* will be an *enumeration member*.
filesystem://path-params.md	e9bd13b2-8e55-4297-b046-6a9023a3a716	13	#### Compare *enumeration members* { #compare-enumeration-members }

You can compare it with the *enumeration member* in your created enum `ModelName`:

{* ../../docs_src/path_params/tutorial005_py310.py hl[17] *}
filesystem://path-params.md	6e67c73d-3b43-4bd9-b770-602426fb6067	14	#### Get the *enumeration value* { #get-the-enumeration-value }

You can get the actual value (a `str` in this case) using `model_name.value`, or in general, `your_enum_member.value`:

{* ../../docs_src/path_params/tutorial005_py310.py hl[20] *}

/// tip

You could also access the value `"lenet"` with `ModelName.lenet.value`.

///
filesystem://path-params.md	9b4a6417-1f73-4daa-87ff-5e727f90acf0	15	#### Return *enumeration members* { #return-enumeration-members }

You can return *enum members* from your *path operation*, even nested in a JSON body (e.g. a `dict`).

They will be converted to their corresponding values (strings in this case) before returning them to the client:

{* ../../docs_src/path_params/tutorial005_py310.py hl[18,21,23] *}

In your client you will get a JSON response like:

```JSON
{
  "model_name": "alexnet",
  "message": "Deep Learning FTW!"
}
```
filesystem://path-params.md	e79969f8-0028-4856-abbd-5c9d7b9ef7af	16	## Path parameters containing paths { #path-parameters-containing-paths }

Let's say you have a *path operation* with a path `/files/{file_path}`.

But you need `file_path` itself to contain a *path*, like `home/johndoe/myfile.txt`.

So, the URL for that file would be something like: `/files/home/johndoe/myfile.txt`.
filesystem://path-params.md	b743a9fd-87cd-4000-896c-fba3a60597c7	17	### OpenAPI support { #openapi-support }

OpenAPI doesn't support a way to declare a *path parameter* to contain a *path* inside, as that could lead to scenarios that are difficult to test and define.

Nevertheless, you can still do it in **FastAPI**, using one of the internal tools from Starlette.

And the docs would still work, although not adding any documentation telling that the parameter should contain a path.
filesystem://path-params.md	b017c6ac-a1af-44cd-ab48-9d3deafcf8bc	18	### Path convertor { #path-convertor }

Using an option directly from Starlette you can declare a *path parameter* containing a *path* using a URL like:

```
/files/{file_path:path}
```

In this case, the name of the parameter is `file_path`, and the last part, `:path`, tells it that the parameter should match any *path*.

So, you can use it with:

{* ../../docs_src/path_params/tutorial004_py310.py hl[6] *}

/// tip

You might need the parameter to contain `/home/johndoe/myfile.txt`, with a leading slash (`/`).

In that case, the URL would be: `/files//home/johndoe/myfile.txt`, with a double slash (`//`) between `files` and `home`.

///
filesystem://path-params.md	02f1a161-8355-42e8-a58a-82e8e3e4dd01	19	## Recap { #recap }

With **FastAPI**, by using short, intuitive and standard Python type declarations, you get:

* Editor support: error checks, autocompletion, etc.
* Data "<dfn title="converting the string that comes from an HTTP request into Python data">parsing</dfn>"
* Data validation
* API annotation and automatic documentation

* Editor support: error checks, autocompletion, etc.

* Editor support: error checks, autocompletion, etc.

* Data "<dfn title="converting the string that comes from an HTTP request into Python data">parsing</dfn>"

* Data "<dfn title="converting the string that comes from an HTTP request into Python data">parsing</dfn>"

* Data validation

* Data validation

* API annotation and automatic documentation

* API annotation and automatic documentation

And you only have to declare them once.

That's probably the main visible advantage of **FastAPI** compared to alternative frameworks (apart from the raw performance).
filesystem://path-params-numeric-validations.md	41d2789b-b952-44d6-b67d-656c5abb355f	0	# Path Parameters and Numeric Validations { #path-parameters-and-numeric-validations }

In the same way that you can declare more validations and metadata for query parameters with `Query`, you can declare the same type of validations and metadata for path parameters with `Path`.
filesystem://path-params-numeric-validations.md	00d00fad-1866-447d-904b-ad1064b47f22	1	## Import `Path` { #import-path }

First, import `Path` from `fastapi`, and import `Annotated`:

{* ../../docs_src/path_params_numeric_validations/tutorial001_an_py310.py hl[1,3] *}

/// note

FastAPI added support for `Annotated` (and started recommending it) in version 0.95.0.

If you have an older version, you would get errors when trying to use `Annotated`.

Make sure you [Upgrade the FastAPI version](../deployment/versions.md#upgrading-the-fastapi-versions) to at least 0.95.1 before using `Annotated`.

///
filesystem://path-params-numeric-validations.md	12377543-7a62-40f6-9e2e-46a524efd62d	2	## Declare metadata { #declare-metadata }

You can declare all the same parameters as for `Query`.

For example, to declare a `title` metadata value for the path parameter `item_id` you can type:

{* ../../docs_src/path_params_numeric_validations/tutorial001_an_py310.py hl[10] *}

/// note

A path parameter is always required as it has to be part of the path. Even if you declared it with `None` or set a default value, it would not affect anything, it would still be always required.

///
filesystem://path-params-numeric-validations.md	0fe869c8-eadd-47d7-bfd4-8c77f44df8d7	3	## Order the parameters as you need { #order-the-parameters-as-you-need }

/// tip

This is probably not as important or necessary if you use `Annotated`.

///

Let's say that you want to declare the query parameter `q` as a required `str`.

And you don't need to declare anything else for that parameter, so you don't really need to use `Query`.

But you still need to use `Path` for the `item_id` path parameter. And you don't want to use `Annotated` for some reason.

Python will complain if you put a value with a "default" before a value that doesn't have a "default".

But you can re-order them, and have the value without a default (the query parameter `q`) first.

It doesn't matter for **FastAPI**. It will detect the parameters by their names, types and default declarations (`Query`, `Path`, etc), it doesn't care about the order.

So, you can declare your function as:

{* ../../docs_src/path_params_numeric_validations/tutorial002_py310.py hl[7] *}

But keep in mind that if you use `Annotated`, you won't have this problem, it won't matter as you're not using the function parameter default values for `Query()` or `Path()`.

{* ../../docs_src/path_params_numeric_validations/tutorial002_an_py310.py *}
filesystem://path-params-numeric-validations.md	b5f33745-0839-4697-b88a-310308428989	4	## Order the parameters as you need, tricks { #order-the-parameters-as-you-need-tricks }

/// tip

This is probably not as important or necessary if you use `Annotated`.

///

Here's a **small trick** that can be handy, but you won't need it often.

If you want to:

* declare the `q` query parameter without a `Query` nor any default value
* declare the path parameter `item_id` using `Path`
* have them in a different order
* not use `Annotated`

* declare the `q` query parameter without a `Query` nor any default value

* declare the `q` query parameter without a `Query` nor any default value

* declare the path parameter `item_id` using `Path`

* declare the path parameter `item_id` using `Path`

* have them in a different order

* have them in a different order

* not use `Annotated`

* not use `Annotated`

...Python has a little special syntax for that.

Pass `*`, as the first parameter of the function.

Python won't do anything with that `*`, but it will know that all the following parameters should be called as keyword arguments (key-value pairs), also known as <abbr title="From: K-ey W-ord Arg-uments"><code>kwargs</code></abbr>. Even if they don't have a default value.

{* ../../docs_src/path_params_numeric_validations/tutorial003_py310.py hl[7] *}
filesystem://path-params-numeric-validations.md	9ea0bf3c-136b-49f2-a1a9-67274d7d0fc8	5	### Better with `Annotated` { #better-with-annotated }

Keep in mind that if you use `Annotated`, as you are not using function parameter default values, you won't have this problem, and you probably won't need to use `*`.

{* ../../docs_src/path_params_numeric_validations/tutorial003_an_py310.py hl[10] *}
filesystem://path-params-numeric-validations.md	caeeb5cc-6992-40f7-b1d0-bf22b388831b	6	## Number validations: greater than or equal { #number-validations-greater-than-or-equal }

With `Query` and `Path` (and others you'll see later) you can declare number constraints.

Here, with `ge=1`, `item_id` will need to be an integer number "`g`reater than or `e`qual" to `1`.

{* ../../docs_src/path_params_numeric_validations/tutorial004_an_py310.py hl[10] *}
filesystem://path-params-numeric-validations.md	158d0b85-0025-4dd1-8115-176ee21de466	7	## Number validations: greater than and less than or equal { #number-validations-greater-than-and-less-than-or-equal }

The same applies for:

* `gt`: `g`reater `t`han
* `le`: `l`ess than or `e`qual

* `gt`: `g`reater `t`han

* `gt`: `g`reater `t`han

* `le`: `l`ess than or `e`qual

* `le`: `l`ess than or `e`qual

{* ../../docs_src/path_params_numeric_validations/tutorial005_an_py310.py hl[10] *}
filesystem://path-params-numeric-validations.md	8a9c9163-a270-4a7f-ad30-9e30993b78f5	8	## Number validations: floats, greater than and less than { #number-validations-floats-greater-than-and-less-than }

Number validations also work for `float` values.

Here's where it becomes important to be able to declare <abbr title="greater than"><code>gt</code></abbr> and not just <abbr title="greater than or equal"><code>ge</code></abbr>. As with it you can require, for example, that a value must be greater than `0`, even if it is less than `1`.

So, `0.5` would be a valid value. But `0.0` or `0` would not.

And the same for <abbr title="less than"><code>lt</code></abbr>.

{* ../../docs_src/path_params_numeric_validations/tutorial006_an_py310.py hl[13] *}
filesystem://path-params-numeric-validations.md	aa71b080-7ca7-4e41-b2dd-03cc6e2eb837	9	## Recap { #recap }

With `Query`, `Path` (and others you haven't seen yet) you can declare metadata and string validations in the same ways as with [Query Parameters and String Validations](query-params-str-validations.md).

And you can also declare numeric validations:

* `gt`: `g`reater `t`han
* `ge`: `g`reater than or `e`qual
* `lt`: `l`ess `t`han
* `le`: `l`ess than or `e`qual

* `gt`: `g`reater `t`han

* `gt`: `g`reater `t`han

* `ge`: `g`reater than or `e`qual

* `ge`: `g`reater than or `e`qual

* `lt`: `l`ess `t`han

* `lt`: `l`ess `t`han

* `le`: `l`ess than or `e`qual

* `le`: `l`ess than or `e`qual

/// note

`Query`, `Path`, and other classes you will see later are subclasses of a common `Param` class.

All of them share the same parameters for additional validation and metadata you have seen.

///

/// note | Technical Details

When you import `Query`, `Path` and others from `fastapi`, they are actually functions.

That when called, return instances of classes of the same name.

So, you import `Query`, which is a function. And when you call it, it returns an instance of a class also named `Query`.

These functions are there (instead of just using the classes directly) so that your editor doesn't mark errors about their types.

That way you can use your normal editor and coding tools without having to add custom configurations to disregard those errors.

///
filesystem://query-params.md	6cbb436b-85bc-4d1a-8d1a-15a86828f07c	0	# Query Parameters { #query-parameters }

When you declare other function parameters that are not part of the path parameters, they are automatically interpreted as "query" parameters.

{* ../../docs_src/query_params/tutorial001_py310.py hl[9] *}

The query is the set of key-value pairs that go after the `?` in a URL, separated by `&` characters.

For example, in the URL:

```
http://127.0.0.1:8000/items/?skip=0&limit=10
```

...the query parameters are:

* `skip`: with a value of `0`
* `limit`: with a value of `10`

* `skip`: with a value of `0`

* `skip`: with a value of `0`

* `limit`: with a value of `10`

* `limit`: with a value of `10`

As they are part of the URL, they are "naturally" strings.

But when you declare them with Python types (in the example above, as `int`), they are converted to that type and validated against it.

All the same processes that apply to path parameters also apply to query parameters:

* Editor support (obviously)
* Data <dfn title="converting the string that comes from an HTTP request into Python data">"parsing"</dfn>
* Data validation
* Automatic documentation

* Editor support (obviously)

* Editor support (obviously)

* Data <dfn title="converting the string that comes from an HTTP request into Python data">"parsing"</dfn>

* Data <dfn title="converting the string that comes from an HTTP request into Python data">"parsing"</dfn>

* Data validation

* Data validation

* Automatic documentation

* Automatic documentation
filesystem://query-params.md	336434ff-16ee-4f9f-b665-04e07c340959	1	## Defaults { #defaults }

As query parameters are not a fixed part of a path, they can be optional and can have default values.

In the example above they have default values of `skip=0` and `limit=10`.

So, going to the URL:

```
http://127.0.0.1:8000/items/
```

would be the same as going to:

```
http://127.0.0.1:8000/items/?skip=0&limit=10
```

But if you go to, for example:

```
http://127.0.0.1:8000/items/?skip=20
```

The parameter values in your function will be:

* `skip=20`: because you set it in the URL
* `limit=10`: because that was the default value

* `skip=20`: because you set it in the URL

* `skip=20`: because you set it in the URL

* `limit=10`: because that was the default value

* `limit=10`: because that was the default value
filesystem://query-params.md	5fc09187-e16f-4551-8645-aa356a54f077	2	## Optional parameters { #optional-parameters }

The same way, you can declare optional query parameters, by setting their default to `None`:

{* ../../docs_src/query_params/tutorial002_py310.py hl[7] *}

In this case, the function parameter `q` will be optional, and will be `None` by default.

/// tip

Also notice that **FastAPI** is smart enough to notice that the path parameter `item_id` is a path parameter and `q` is not, so, it's a query parameter.

///
filesystem://query-params.md	4fba67a0-67d2-46f4-9ffe-58d5c5dc6f32	3	## Query parameter type conversion { #query-parameter-type-conversion }

You can also declare `bool` types, and they will be converted:

{* ../../docs_src/query_params/tutorial003_py310.py hl[7] *}

In this case, if you go to:

```
http://127.0.0.1:8000/items/foo?short=1
```

or

```
http://127.0.0.1:8000/items/foo?short=True
```

or

```
http://127.0.0.1:8000/items/foo?short=true
```

or

```
http://127.0.0.1:8000/items/foo?short=on
```

or

```
http://127.0.0.1:8000/items/foo?short=yes
```

or any other case variation (uppercase, first letter in uppercase, etc), your function will see the parameter `short` with a `bool` value of `True`. Otherwise as `False`.
filesystem://query-params.md	87ced77b-d177-4027-b5df-abc1bfbe6477	4	## Multiple path and query parameters { #multiple-path-and-query-parameters }

You can declare multiple path parameters and query parameters at the same time, **FastAPI** knows which is which.

And you don't have to declare them in any specific order.

They will be detected by name:

{* ../../docs_src/query_params/tutorial004_py310.py hl[6,8] *}
filesystem://query-params.md	712b1cf3-3782-43dc-a485-650247ff1703	5	## Required query parameters { #required-query-parameters }

When you declare a default value for non-path parameters (for now, we have only seen query parameters), then it is not required.

If you don't want to add a specific value but just make it optional, set the default as `None`.

But when you want to make a query parameter required, you can just not declare any default value:

{* ../../docs_src/query_params/tutorial005_py310.py hl[6:7] *}

Here the query parameter `needy` is a required query parameter of type `str`.

If you open in your browser a URL like:

```
http://127.0.0.1:8000/items/foo-item
```

...without adding the required parameter `needy`, you will see an error like:

```JSON
{
  "detail": [
    {
      "type": "missing",
      "loc": [
        "query",
        "needy"
      ],
      "msg": "Field required",
      "input": null
    }
  ]
}
```

As `needy` is a required parameter, you would need to set it in the URL:

```
http://127.0.0.1:8000/items/foo-item?needy=sooooneedy
```

...this would work:

```JSON
{
    "item_id": "foo-item",
    "needy": "sooooneedy"
}
```

And of course, you can define some parameters as required, some as having a default value, and some entirely optional:

{* ../../docs_src/query_params/tutorial006_py310.py hl[8] *}

In this case, there are 3 query parameters:

* `needy`, a required `str`.
* `skip`, an `int` with a default value of `0`.
* `limit`, an optional `int`.

* `needy`, a required `str`.

* `needy`, a required `str`.

* `skip`, an `int` with a default value of `0`.

* `skip`, an `int` with a default value of `0`.

* `limit`, an optional `int`.

* `limit`, an optional `int`.

/// tip

You could also use `Enum`s the same way as with [Path Parameters](path-params.md#predefined-values).

///
filesystem://query-params-str-validations.md	fe2ebe17-f998-413d-a677-bfb5ef5c0bdc	0	# Query Parameters and String Validations { #query-parameters-and-string-validations }

**FastAPI** allows you to declare additional information and validation for your parameters.

Let's take this application as example:

{* ../../docs_src/query_params_str_validations/tutorial001_py310.py hl[7] *}

The query parameter `q` is of type `str | None`, that means that it's of type `str` but could also be `None`, and indeed, the default value is `None`, so FastAPI will know it's not required.

/// note

FastAPI will know that the value of `q` is not required because of the default value `= None`.

Having `str | None` will allow your editor to give you better support and detect errors.

///
filesystem://query-params-str-validations.md	07f4e917-eec8-4a2c-99a2-cb08d21e8e8e	1	## Additional validation { #additional-validation }

We are going to enforce that even though `q` is optional, whenever it is provided, **its length doesn't exceed 50 characters**.
filesystem://query-params-str-validations.md	ab0b0e83-7085-4ebb-8daf-08dfad41b10c	2	### Import `Query` and `Annotated` { #import-query-and-annotated }

To achieve that, first import:

* `Query` from `fastapi`
* `Annotated` from `typing`

* `Query` from `fastapi`

* `Query` from `fastapi`

* `Annotated` from `typing`

* `Annotated` from `typing`

{* ../../docs_src/query_params_str_validations/tutorial002_an_py310.py hl[1,3] *}

/// note

FastAPI added support for `Annotated` (and started recommending it) in version 0.95.0.

If you have an older version, you would get errors when trying to use `Annotated`.

Make sure you [Upgrade the FastAPI version](../deployment/versions.md#upgrading-the-fastapi-versions) to at least 0.95.1 before using `Annotated`.

///
filesystem://query-params-str-validations.md	82f51bba-dee3-498e-b557-fb909acf9ed7	3	## Use `Annotated` in the type for the `q` parameter { #use-annotated-in-the-type-for-the-q-parameter }

Remember I told you before that `Annotated` can be used to add metadata to your parameters in the [Python Types Intro](../python-types.md#type-hints-with-metadata-annotations)?

Now it's the time to use it with FastAPI. 🚀

We had this type annotation:

```Python
q: str | None = None
```

What we will do is wrap that with `Annotated`, so it becomes:

```Python
q: Annotated[str | None] = None
```

Both of those versions mean the same thing, `q` is a parameter that can be a `str` or `None`, and by default, it is `None`.

Now let's jump to the fun stuff. 🎉
filesystem://query-params-str-validations.md	9072a8cd-768e-42d6-812c-6b3005fafd3a	4	## Add `Query` to `Annotated` in the `q` parameter { #add-query-to-annotated-in-the-q-parameter }

Now that we have this `Annotated` where we can put more information (in this case some additional validation), add `Query` inside of `Annotated`, and set the parameter `max_length` to `50`:

{* ../../docs_src/query_params_str_validations/tutorial002_an_py310.py hl[9] *}

Notice that the default value is still `None`, so the parameter is still optional.

But now, having `Query(max_length=50)` inside of `Annotated`, we are telling FastAPI that we want it to have **additional validation** for this value, we want it to have maximum 50 characters. 😎

/// tip

Here we are using `Query()` because this is a **query parameter**. Later we will see others like `Path()`, `Body()`, `Header()`, and `Cookie()`, that also accept the same arguments as `Query()`.

///

FastAPI will now:

* **Validate** the data making sure that the max length is 50 characters
* Show a **clear error** for the client when the data is not valid
* **Document** the parameter in the OpenAPI schema *path operation* (so it will show up in the **automatic docs UI**)

* **Validate** the data making sure that the max length is 50 characters

* **Validate** the data making sure that the max length is 50 characters

* Show a **clear error** for the client when the data is not valid

* Show a **clear error** for the client when the data is not valid

* **Document** the parameter in the OpenAPI schema *path operation* (so it will show up in the **automatic docs UI**)

* **Document** the parameter in the OpenAPI schema *path operation* (so it will show up in the **automatic docs UI**)
filesystem://query-params-str-validations.md	4a286645-9a40-49e7-96f1-5542ce759f7e	5	## Alternative (old): `Query` as the default value { #alternative-old-query-as-the-default-value }

Previous versions of FastAPI (before <dfn title="before 2023-03">0.95.0</dfn>) required you to use `Query` as the default value of your parameter, instead of putting it in `Annotated`, there's a high chance that you will see code using it around, so I'll explain it to you.

/// tip

For new code and whenever possible, use `Annotated` as explained above. There are multiple advantages (explained below) and no disadvantages. 🍰

///

This is how you would use `Query()` as the default value of your function parameter, setting the parameter `max_length` to 50:

{* ../../docs_src/query_params_str_validations/tutorial002_py310.py hl[7] *}

As in this case (without using `Annotated`) we have to replace the default value `None` in the function with `Query()`, we now need to set the default value with the parameter `Query(default=None)`, it serves the same purpose of defining that default value (at least for FastAPI).

So:

```Python
q: str | None = Query(default=None)
```

...makes the parameter optional, with a default value of `None`, the same as:

```Python
q: str | None = None
```

But the `Query` version declares it explicitly as being a query parameter.

Then, we can pass more parameters to `Query`. In this case, the `max_length` parameter that applies to strings:

```Python
q: str | None = Query(default=None, max_length=50)
```

This will validate the data, show a clear error when the data is not valid, and document the parameter in the OpenAPI schema *path operation*.
filesystem://query-params-str-validations.md	840e5d62-2955-43bd-8fcf-e60c19a713aa	6	### `Query` as the default value or in `Annotated` { #query-as-the-default-value-or-in-annotated }

Keep in mind that when using `Query` inside of `Annotated` you cannot use the `default` parameter for `Query`.

Instead, use the actual default value of the function parameter. Otherwise, it would be inconsistent.

For example, this is not allowed:

```Python
q: Annotated[str, Query(default="rick")] = "morty"
```

...because it's not clear if the default value should be `"rick"` or `"morty"`.

So, you would use (preferably):

```Python
q: Annotated[str, Query()] = "rick"
```

...or in older code bases you will find:

```Python
q: str = Query(default="rick")
```
filesystem://query-params-str-validations.md	7e5daba2-3906-4168-83ce-8bc2c55b90a2	7	### Advantages of `Annotated` { #advantages-of-annotated }

**Using `Annotated` is recommended** instead of the default value in function parameters, it is **better** for multiple reasons. 🤓

The **default** value of the **function parameter** is the **actual default** value, that's more intuitive with Python in general. 😌

You could **call** that same function in **other places** without FastAPI, and it would **work as expected**. If there's a **required** parameter (without a default value), your **editor** will let you know with an error, **Python** will also complain if you run it without passing the required parameter.

When you don't use `Annotated` and instead use the **(old) default value style**, if you call that function without FastAPI in **other places**, you have to **remember** to pass the arguments to the function for it to work correctly, otherwise the values will be different from what you expect (e.g. `QueryInfo` or something similar instead of `str`). And your editor won't complain, and Python won't complain running that function, only when the operations inside error out.

Because `Annotated` can have more than one metadata annotation, you could now even use the same function with other tools, like [Typer](https://typer.tiangolo.com/). 🚀
filesystem://query-params-str-validations.md	0bf01a90-0fa8-4838-a462-2b6afd95ab7d	8	## Add more validations { #add-more-validations }

You can also add a parameter `min_length`:

{* ../../docs_src/query_params_str_validations/tutorial003_an_py310.py hl[10] *}
filesystem://query-params-str-validations.md	36b8e994-ca49-4450-8e00-0624ace34fae	9	## Add regular expressions { #add-regular-expressions }

You can define a <dfn title="A regular expression, regex or regexp is a sequence of characters that define a search pattern for strings.">regular expression</dfn> `pattern` that the parameter should match:

{* ../../docs_src/query_params_str_validations/tutorial004_an_py310.py hl[11] *}

This specific regular expression pattern checks that the received parameter value:

* `^`: starts with the following characters, doesn't have characters before.
* `fixedquery`: has the exact value `fixedquery`.
* `$`: ends there, doesn't have any more characters after `fixedquery`.

* `^`: starts with the following characters, doesn't have characters before.

* `^`: starts with the following characters, doesn't have characters before.

* `fixedquery`: has the exact value `fixedquery`.

* `fixedquery`: has the exact value `fixedquery`.

* `$`: ends there, doesn't have any more characters after `fixedquery`.

* `$`: ends there, doesn't have any more characters after `fixedquery`.

If you feel lost with all these **"regular expression"** ideas, don't worry. They are a hard topic for many people. You can still do a lot of stuff without needing regular expressions yet.

Now you know that whenever you need them you can use them in **FastAPI**.
filesystem://query-params-str-validations.md	886cd57e-be50-4a41-ad0b-8f5f4a25613a	10	## Default values { #default-values }

You can, of course, use default values other than `None`.

Let's say that you want to declare the `q` query parameter to have a `min_length` of `3`, and to have a default value of `"fixedquery"`:

{* ../../docs_src/query_params_str_validations/tutorial005_an_py310.py hl[9] *}

/// note

Having a default value of any type, including `None`, makes the parameter optional (not required).

///
filesystem://query-params-str-validations.md	e1245892-0a8a-4bb6-b836-6fd4d9264165	11	## Required parameters { #required-parameters }

When we don't need to declare more validations or metadata, we can make the `q` query parameter required just by not declaring a default value, like:

```Python
q: str
```

instead of:

```Python
q: str | None = None
```

But we are now declaring it with `Query`, for example like:

```Python
q: Annotated[str | None, Query(min_length=3)] = None
```

So, when you need to declare a value as required while using `Query`, you can simply not declare a default value:

{* ../../docs_src/query_params_str_validations/tutorial006_an_py310.py hl[9] *}
filesystem://query-params-str-validations.md	a7b689d0-3067-4ed2-8ea3-d9590de4f6e1	12	### Required, can be `None` { #required-can-be-none }

You can declare that a parameter can accept `None`, but that it's still required. This would force clients to send a value, even if the value is `None`.

To do that, you can declare that `None` is a valid type but simply do not declare a default value:

{* ../../docs_src/query_params_str_validations/tutorial006c_an_py310.py hl[9] *}
filesystem://query-params-str-validations.md	5f93c451-9e9c-4fc9-807d-56791eb6367c	13	## Query parameter list / multiple values { #query-parameter-list-multiple-values }

When you define a query parameter explicitly with `Query` you can also declare it to receive a list of values, or said in another way, to receive multiple values.

For example, to declare a query parameter `q` that can appear multiple times in the URL, you can write:

{* ../../docs_src/query_params_str_validations/tutorial011_an_py310.py hl[9] *}

Then, with a URL like:

```
http://localhost:8000/items/?q=foo&q=bar
```

you would receive the multiple `q` *query parameters'* values (`foo` and `bar`) in a Python `list` inside your *path operation function*, in the *function parameter* `q`.

So, the response to that URL would be:

```JSON
{
  "q": [
    "foo",
    "bar"
  ]
}
```

/// tip

To declare a query parameter with a type of `list`, like in the example above, you need to explicitly use `Query`, otherwise it would be interpreted as a request body.

///

The interactive API docs will update accordingly, to allow multiple values:
filesystem://query-params-str-validations.md	a6013729-dd71-424b-9d12-7f7d2b5af149	14	### Query parameter list / multiple values with defaults { #query-parameter-list-multiple-values-with-defaults }

You can also define a default `list` of values if none are provided:

{* ../../docs_src/query_params_str_validations/tutorial012_an_py310.py hl[9] *}

If you go to:

```
http://localhost:8000/items/
```

the default of `q` will be: `["foo", "bar"]` and your response will be:

```JSON
{
  "q": [
    "foo",
    "bar"
  ]
}
```
filesystem://query-params-str-validations.md	e1388029-7fca-426e-99bf-4d76fb52fc8f	15	#### Using just `list` { #using-just-list }

You can also use `list` directly instead of `list[str]`:

{* ../../docs_src/query_params_str_validations/tutorial013_an_py310.py hl[9] *}

/// note

Keep in mind that in this case, FastAPI won't check the contents of the list.

For example, `list[int]` would check (and document) that the contents of the list are integers. But `list` alone wouldn't.

///
filesystem://query-params-str-validations.md	83cb3ee5-7216-4724-b28f-b3f680426475	16	## Declare more metadata { #declare-more-metadata }

You can add more information about the parameter.

That information will be included in the generated OpenAPI and used by the documentation user interfaces and external tools.

/// note

Keep in mind that different tools might have different levels of OpenAPI support.

Some of them might not show all the extra information declared yet, although in most of the cases, the missing feature is already planned for development.

///

You can add a `title`:

{* ../../docs_src/query_params_str_validations/tutorial007_an_py310.py hl[10] *}

And a `description`:

{* ../../docs_src/query_params_str_validations/tutorial008_an_py310.py hl[14] *}
filesystem://query-params-str-validations.md	4fd2f6ce-f95d-4ab2-bf5d-07e029a935dd	17	## Alias parameters { #alias-parameters }

Imagine that you want the parameter to be `item-query`.

Like in:

```
http://127.0.0.1:8000/items/?item-query=foobaritems
```

But `item-query` is not a valid Python variable name.

The closest would be `item_query`.

But you still need it to be exactly `item-query`...

Then you can declare an `alias`, and that alias is what will be used to find the parameter value:

{* ../../docs_src/query_params_str_validations/tutorial009_an_py310.py hl[9] *}
filesystem://query-params-str-validations.md	b80d3de3-340e-4a3f-aaf4-0414e7c9c4f8	18	## Deprecating parameters { #deprecating-parameters }

Now let's say you don't like this parameter anymore.

You have to leave it there a while because there are clients using it, but you want the docs to clearly show it as <dfn title="obsolete, recommended not to use it">deprecated</dfn>.

Then pass the parameter `deprecated=True` to `Query`:

{* ../../docs_src/query_params_str_validations/tutorial010_an_py310.py hl[19] *}

The docs will show it like this:
filesystem://query-params-str-validations.md	9de23961-f21a-4ab2-bee3-f3a1086415b6	19	## Exclude parameters from OpenAPI { #exclude-parameters-from-openapi }

To exclude a query parameter from the generated OpenAPI schema (and thus, from the automatic documentation systems), set the parameter `include_in_schema` of `Query` to `False`:

{* ../../docs_src/query_params_str_validations/tutorial014_an_py310.py hl[10] *}
filesystem://query-params-str-validations.md	f23cb1aa-9a48-4821-83e7-de215aa7b45c	20	## Custom Validation { #custom-validation }

There could be cases where you need to do some **custom validation** that can't be done with the parameters shown above.

In those cases, you can use a **custom validator function** that is applied after the normal validation (e.g. after validating that the value is a `str`).

You can achieve that using [Pydantic's `AfterValidator`](https://pydantic.dev/docs/validation/latest/concepts/validators/#field-after-validator) inside of `Annotated`.

/// tip

Pydantic also has [`BeforeValidator`](https://pydantic.dev/docs/validation/latest/concepts/validators/#field-before-validator) and others. 🤓

///

For example, this custom validator checks that the item ID starts with `isbn-` for an <abbr title="International Standard Book Number">ISBN</abbr> book number or with `imdb-` for an <abbr title="Internet Movie Database: a website with information about movies">IMDB</abbr> movie URL ID:

{* ../../docs_src/query_params_str_validations/tutorial015_an_py310.py hl[5,16:19,24] *}

/// note

This is available with Pydantic version 2 or above. 😎

///

/// tip

If you need to do any type of validation that requires communicating with any **external component**, like a database or another API, you should instead use **FastAPI Dependencies**, you will learn about them later.

These custom validators are for things that can be checked with **only** the **same data** provided in the request.

///
filesystem://query-params-str-validations.md	fbb5c8e0-8457-4655-9eeb-abb9fe71e741	21	### Understand that Code { #understand-that-code }

The important point is just using **`AfterValidator` with a function inside `Annotated`**. Feel free to skip this part. 🤸

But if you're curious about this specific code example and you're still entertained, here are some extra details.
filesystem://query-params-str-validations.md	0f170e6a-ef62-4eca-a546-915251d20d5d	22	#### String with `value.startswith()` { #string-with-value-startswith }

Did you notice? A string using `value.startswith()` can take a tuple, and it will check each value in the tuple:

{* ../../docs_src/query_params_str_validations/tutorial015_an_py310.py ln[16:19] hl[17] *}
filesystem://query-params-str-validations.md	114b771a-10f7-44e8-aa01-159d4f186b46	23	#### A Random Item { #a-random-item }

With `data.items()` we get an <dfn title="Something we can iterate on with a for loop, like a list, set, etc.">iterable object</dfn> with tuples containing the key and value for each dictionary item.

We convert this iterable object into a proper `list` with `list(data.items())`.

Then with `random.choice()` we can get a **random value** from the list, so, we get a tuple with `(id, name)`. It will be something like `("imdb-tt0371724", "The Hitchhiker's Guide to the Galaxy")`.

Then we **assign those two values** of the tuple to the variables `id` and `name`.

So, if the user didn't provide an item ID, they will still receive a random suggestion.

...we do all this in a **single simple line**. 🤯 Don't you love Python? 🐍

{* ../../docs_src/query_params_str_validations/tutorial015_an_py310.py ln[22:30] hl[29] *}
filesystem://query-params-str-validations.md	37700361-77f3-466c-9890-6b501bf6528c	24	## Recap { #recap }

You can declare additional validations and metadata for your parameters.

Generic validations and metadata:

* `alias`
* `title`
* `description`
* `deprecated`

* `alias`

* `alias`

* `title`

* `title`

* `description`

* `description`

* `deprecated`

* `deprecated`

Validations specific for strings:

* `min_length`
* `max_length`
* `pattern`

* `min_length`

* `min_length`

* `max_length`

* `max_length`

* `pattern`

* `pattern`

Custom validations using `AfterValidator`.

In these examples you saw how to declare validations for `str` values.

See the next chapters to learn how to declare validations for other types, like numbers.
filesystem://response-model.md	a3311e6c-580e-429e-9aa7-3adac782e8ed	0	# Response Model - Return Type { #response-model-return-type }

You can declare the type used for the response by annotating the *path operation function* **return type**.

You can use **type annotations** the same way you would for input data in function **parameters**, you can use Pydantic models, lists, dictionaries, scalar values like integers, booleans, etc.

{* ../../docs_src/response_model/tutorial001_01_py310.py hl[16,21] *}

FastAPI will use this return type to:

* **Validate** the returned data.
    * If the data is invalid (e.g. you are missing a field), it means that *your* app code is broken, not returning what it should, and it will return a server error instead of returning incorrect data. This way you and your clients can be certain that they will receive the data and the data shape expected.
* Add a **JSON Schema** for the response, in the OpenAPI *path operation*.
    * This will be used by the **automatic docs**.
    * It will also be used by automatic client code generation tools.
* **Serialize** the returned data to JSON using Pydantic, which is written in **Rust**, so it will be **much faster**.

* **Validate** the returned data.
    * If the data is invalid (e.g. you are missing a field), it means that *your* app code is broken, not returning what it should, and it will return a server error instead of returning incorrect data. This way you and your clients can be certain that they will receive the data and the data shape expected.

* **Validate** the returned data.

* If the data is invalid (e.g. you are missing a field), it means that *your* app code is broken, not returning what it should, and it will return a server error instead of returning incorrect data. This way you and your clients can be certain that they will receive the data and the data shape expected.

* If the data is invalid (e.g. you are missing a field), it means that *your* app code is broken, not returning what it should, and it will return a server error instead of returning incorrect data. This way you and your clients can be certain that they will receive the data and the data shape expected.

* If the data is invalid (e.g. you are missing a field), it means that *your* app code is broken, not returning what it should, and it will return a server error instead of returning incorrect data. This way you and your clients can be certain that they will receive the data and the data shape expected.

* Add a **JSON Schema** for the response, in the OpenAPI *path operation*.
    * This will be used by the **automatic docs**.
    * It will also be used by automatic client code generation tools.

* Add a **JSON Schema** for the response, in the OpenAPI *path operation*.

* This will be used by the **automatic docs**.
    * It will also be used by automatic client code generation tools.

* This will be used by the **automatic docs**.

* This will be used by the **automatic docs**.

* It will also be used by automatic client code generation tools.

* It will also be used by automatic client code generation tools.

* **Serialize** the returned data to JSON using Pydantic, which is written in **Rust**, so it will be **much faster**.

* **Serialize** the returned data to JSON using Pydantic, which is written in **Rust**, so it will be **much faster**.

But most importantly:

* It will **limit and filter** the output data to what is defined in the return type.
    * This is particularly important for **security**, we'll see more of that below.

* It will **limit and filter** the output data to what is defined in the return type.
    * This is particularly important for **security**, we'll see more of that below.

* It will **limit and filter** the output data to what is defined in the return type.

* This is particularly important for **security**, we'll see more of that below.

* This is particularly important for **security**, we'll see more of that below.

* This is particularly important for **security**, we'll see more of that below.
filesystem://response-model.md	c26d5c01-bacb-4dd7-9e1d-3e46bc4e4702	1	## `response_model` Parameter { #response-model-parameter }

There are some cases where you need or want to return some data that is not exactly what the type declares.

For example, you could want to **return a dictionary** or a database object, but **declare it as a Pydantic model**. This way the Pydantic model would do all the data documentation, validation, etc. for the object that you returned (e.g. a dictionary or database object).

If you added the return type annotation, tools and editors would complain with a (correct) error telling you that your function is returning a type (e.g. a dict) that is different from what you declared (e.g. a Pydantic model).

In those cases, you can use the *path operation decorator* parameter `response_model` instead of the return type.

You can use the `response_model` parameter in any of the *path operations*:

* `@app.get()`
* `@app.post()`
* `@app.put()`
* `@app.delete()`
* etc.

* `@app.get()`

* `@app.get()`

* `@app.post()`

* `@app.post()`

* `@app.put()`

* `@app.put()`

* `@app.delete()`

* `@app.delete()`

* etc.

* etc.

{* ../../docs_src/response_model/tutorial001_py310.py hl[17,22,24:27] *}

/// note

Notice that `response_model` is a parameter of the "decorator" method (`get`, `post`, etc). Not of your *path operation function*, like all the parameters and body.

///

`response_model` receives the same type you would declare for a Pydantic model field, so, it can be a Pydantic model, but it can also be, e.g. a `list` of Pydantic models, like `List[Item]`.

FastAPI will use this `response_model` to do all the data documentation, validation, etc. and also to **convert and filter the output data** to its type declaration.

/// tip

If you have strict type checks in your editor, mypy, etc, you can declare the function return type as `Any`.

That way you tell the editor that you are intentionally returning anything. But FastAPI will still do the data documentation, validation, filtering, etc. with the `response_model`.

///
filesystem://response-model.md	b61f365f-e8fd-4fae-afb1-9a2cf00cdade	2	### `response_model` Priority { #response-model-priority }

If you declare both a return type and a `response_model`, the `response_model` will take priority and be used by FastAPI.

This way you can add correct type annotations to your functions even when you are returning a type different than the response model, to be used by the editor and tools like mypy. And still you can have FastAPI do the data validation, documentation, etc. using the `response_model`.

You can also use `response_model=None` to disable creating a response model for that *path operation*, you might need to do it if you are adding type annotations for things that are not valid Pydantic fields, you will see an example of that in one of the sections below.
filesystem://response-model.md	81531842-a2d7-49d6-9688-6c457e233a29	3	## Return the same input data { #return-the-same-input-data }

Here we are declaring a `UserIn` model, it will contain a plaintext password:

{* ../../docs_src/response_model/tutorial002_py310.py hl[7,9] *}

/// note

To use `EmailStr`, first install [`email-validator`](https://github.com/JoshData/python-email-validator).

Add it to your project:

```console
$ uv add email-validator
```

or with:

```console
$ uv add "pydantic[email]"
```

///

And we are using this model to declare our input and the same model to declare our output:

{* ../../docs_src/response_model/tutorial002_py310.py hl[16] *}

Now, whenever a browser is creating a user with a password, the API will return the same password in the response.

In this case, it might not be a problem, because it's the same user sending the password.

But if we use the same model for another *path operation*, we could be sending our user's passwords to every client.

/// danger

Never store the plain password of a user or send it in a response like this, unless you know all the caveats and you know what you are doing.

///
filesystem://response-model.md	c416129f-135a-4f29-8c31-6e73ea36d397	4	## Add an output model { #add-an-output-model }

We can instead create an input model with the plaintext password and an output model without it:

{* ../../docs_src/response_model/tutorial003_py310.py hl[9,11,16] *}

Here, even though our *path operation function* is returning the same input user that contains the password:

{* ../../docs_src/response_model/tutorial003_py310.py hl[24] *}

...we declared the `response_model` to be our model `UserOut`, that doesn't include the password:

{* ../../docs_src/response_model/tutorial003_py310.py hl[22] *}

So, **FastAPI** will take care of filtering out all the data that is not declared in the output model (using Pydantic).
filesystem://response-model.md	e634e5b2-9fbd-4a0d-a8a8-3f7268669e69	5	### `response_model` or Return Type { #response-model-or-return-type }

In this case, because the two models are different, if we annotated the function return type as `UserOut`, the editor and tools would complain that we are returning an invalid type, as those are different classes.

That's why in this example we have to declare it in the `response_model` parameter.

...but continue reading below to see how to overcome that.
filesystem://response-model.md	42338b16-1cc5-4657-a978-5b2f952c5a4c	6	## Return Type and Data Filtering { #return-type-and-data-filtering }

Let's continue from the previous example. We wanted to **annotate the function with one type**, but we wanted to be able to return from the function something that actually includes **more data**.

We want FastAPI to keep **filtering** the data using the response model. So that even though the function returns more data, the response will only include the fields declared in the response model.

In the previous example, because the classes were different, we had to use the `response_model` parameter. But that also means that we don't get the support from the editor and tools checking the function return type.

But in most of the cases where we need to do something like this, we want the model just to **filter/remove** some of the data as in this example.

And in those cases, we can use classes and inheritance to take advantage of function **type annotations** to get better support in the editor and tools, and still get the FastAPI **data filtering**.

{* ../../docs_src/response_model/tutorial003_01_py310.py hl[7:10,13:14,18] *}

With this, we get tooling support, from editors and mypy as this code is correct in terms of types, but we also get the data filtering from FastAPI.

How does this work? Let's check that out. 🤓
filesystem://response-model.md	718eb0ca-f3ff-4a05-a068-94bdcf887344	7	### Type Annotations and Tooling { #type-annotations-and-tooling }

First let's see how editors, mypy and other tools would see this.

`BaseUser` has the base fields. Then `UserIn` inherits from `BaseUser` and adds the `password` field, so, it will include all the fields from both models.

We annotate the function return type as `BaseUser`, but we are actually returning a `UserIn` instance.

The editor, mypy, and other tools won't complain about this because, in typing terms, `UserIn` is a subclass of `BaseUser`, which means it's a *valid* type when what is expected is anything that is a `BaseUser`.
filesystem://response-model.md	40ee888d-6826-4987-90b7-55fd976457d7	8	### FastAPI Data Filtering { #fastapi-data-filtering }

Now, for FastAPI, it will see the return type and make sure that what you return includes **only** the fields that are declared in the type.

FastAPI does several things internally with Pydantic to make sure that those same rules of class inheritance are not used for the returned data filtering, otherwise you could end up returning much more data than what you expected.

This way, you can get the best of both worlds: type annotations with **tooling support** and **data filtering**.
filesystem://response-model.md	d53b95af-543d-43b2-84d8-4d3c1366ca35	9	## See it in the docs { #see-it-in-the-docs }

When you see the automatic docs, you can check that the input model and output model will both have their own JSON Schema:

And both models will be used for the interactive API documentation:
filesystem://response-model.md	16b27ac7-4ca1-47dd-8e0a-d183e8f71945	10	## Other Return Type Annotations { #other-return-type-annotations }

There might be cases where you return something that is not a valid Pydantic field and you annotate it in the function, only to get the support provided by tooling (the editor, mypy, etc).
filesystem://response-model.md	7949ff93-2f00-41e5-bd5c-ca695e486a89	11	### Return a Response Directly { #return-a-response-directly }

The most common case would be [returning a Response directly as explained later in the advanced docs](../advanced/response-directly.md).

{* ../../docs_src/response_model/tutorial003_02_py310.py hl[8,10:11] *}

This simple case is handled automatically by FastAPI because the return type annotation is the class (or a subclass of) `Response`.

And tools will also be happy because both `RedirectResponse` and `JSONResponse` are subclasses of `Response`, so the type annotation is correct.
filesystem://response-model.md	ad5c6d67-a9ce-4443-8b9a-3518f1d907b8	12	### Annotate a Response Subclass { #annotate-a-response-subclass }

You can also use a subclass of `Response` in the type annotation:

{* ../../docs_src/response_model/tutorial003_03_py310.py hl[8:9] *}

This will also work because `RedirectResponse` is a subclass of `Response`, and FastAPI will automatically handle this simple case.
filesystem://response-model.md	464cf887-d5e1-4e50-83c4-a0d18851ad3d	13	### Invalid Return Type Annotations { #invalid-return-type-annotations }

But when you return some other arbitrary object that is not a valid Pydantic type (e.g. a database object) and you annotate it like that in the function, FastAPI will try to create a Pydantic response model from that type annotation, and will fail.

The same would happen if you had something like a <dfn title='A union between multiple types means "any of these types".'>union</dfn> between different types where one or more of them are not valid Pydantic types, for example this would fail 💥:

{* ../../docs_src/response_model/tutorial003_04_py310.py hl[8] *}

...this fails because the type annotation is not a Pydantic type and is not just a single `Response` class or subclass, it's a union (any of the two) between a `Response` and a `dict`.
filesystem://response-model.md	fd76da6a-6cf6-46c2-89dd-730a2d487c0c	14	### Disable Response Model { #disable-response-model }

Continuing from the example above, you might not want to have the default data validation, documentation, filtering, etc. that is performed by FastAPI.

But you might want to still keep the return type annotation in the function to get the support from tools like editors and type checkers (e.g. mypy).

In this case, you can disable the response model generation by setting `response_model=None`:

{* ../../docs_src/response_model/tutorial003_05_py310.py hl[7] *}

This will make FastAPI skip the response model generation and that way you can have any return type annotations you need without it affecting your FastAPI application. 🤓
filesystem://response-model.md	fc6e0416-b140-45fb-843c-ae49608f5114	15	## Response Model encoding parameters { #response-model-encoding-parameters }

Your response model could have default values, like:

{* ../../docs_src/response_model/tutorial004_py310.py hl[9,11:12] *}

* `description: Union[str, None] = None` (or `str | None = None` in Python 3.10) has a default of `None`.
* `tax: float = 10.5` has a default of `10.5`.
* `tags: List[str] = []` has a default of an empty list: `[]`.

* `description: Union[str, None] = None` (or `str | None = None` in Python 3.10) has a default of `None`.

* `description: Union[str, None] = None` (or `str | None = None` in Python 3.10) has a default of `None`.

* `tax: float = 10.5` has a default of `10.5`.

* `tax: float = 10.5` has a default of `10.5`.

* `tags: List[str] = []` has a default of an empty list: `[]`.

* `tags: List[str] = []` has a default of an empty list: `[]`.

but you might want to omit them from the result if they were not actually stored.

For example, if you have models with many optional attributes in a NoSQL database, but you don't want to send very long JSON responses full of default values.
filesystem://response-model.md	0430ea74-e7e3-493c-b682-de87eaabd9c2	16	### Use the `response_model_exclude_unset` parameter { #use-the-response-model-exclude-unset-parameter }

You can set the *path operation decorator* parameter `response_model_exclude_unset=True`:

{* ../../docs_src/response_model/tutorial004_py310.py hl[22] *}

and those default values won't be included in the response, only the values actually set.

So, if you send a request to that *path operation* for the item with ID `foo`, the response (not including default values) will be:

```JSON
{
    "name": "Foo",
    "price": 50.2
}
```

/// note

You can also use:

* `response_model_exclude_defaults=True`
* `response_model_exclude_none=True`

* `response_model_exclude_defaults=True`

* `response_model_exclude_defaults=True`

* `response_model_exclude_none=True`

* `response_model_exclude_none=True`

as described in [the Pydantic docs](https://pydantic.dev/docs/validation/latest/concepts/serialization/#excluding-and-including-fields-based-on-their-value) for `exclude_defaults` and `exclude_none`.

///
filesystem://response-model.md	91e28268-9055-427f-8889-3349e36489f6	17	#### Data with values for fields with defaults { #data-with-values-for-fields-with-defaults }

But if your data has values for the model's fields with default values, like the item with ID `bar`:

```Python hl_lines="3  5"
{
    "name": "Bar",
    "description": "The bartenders",
    "price": 62,
    "tax": 20.2
}
```

they will be included in the response.
filesystem://response-model.md	cbb8dd4f-d248-4cad-92ce-2354d4fae8bb	18	#### Data with the same values as the defaults { #data-with-the-same-values-as-the-defaults }

If the data has the same values as the default ones, like the item with ID `baz`:

```Python hl_lines="3  5-6"
{
    "name": "Baz",
    "description": None,
    "price": 50.2,
    "tax": 10.5,
    "tags": []
}
```

FastAPI is smart enough (actually, Pydantic is smart enough) to realize that, even though `description`, `tax`, and `tags` have the same values as the defaults, they were set explicitly (instead of taken from the defaults).

So, they will be included in the JSON response.

/// tip

Notice that the default values can be anything, not only `None`.

They can be a list (`[]`), a `float` of `10.5`, etc.

///
filesystem://response-model.md	31e3b60b-444f-49fa-b257-faf3d1e277ed	19	### `response_model_include` and `response_model_exclude` { #response-model-include-and-response-model-exclude }

You can also use the *path operation decorator* parameters `response_model_include` and `response_model_exclude`.

They take a `set` of `str` with the name of the attributes to include (omitting the rest) or to exclude (including the rest).

This can be used as a quick shortcut if you have only one Pydantic model and want to remove some data from the output.

/// tip

But it is still recommended to use the ideas above, using multiple classes, instead of these parameters.

This is because the JSON Schema generated in your app's OpenAPI (and the docs) will still be the one for the complete model, even if you use `response_model_include` or `response_model_exclude` to omit some attributes.

This also applies to `response_model_by_alias` that works similarly.

///

{* ../../docs_src/response_model/tutorial005_py310.py hl[29,35] *}

/// tip

The syntax `{"name", "description"}` creates a `set` with those two values.

It is equivalent to `set(["name", "description"])`.

///
filesystem://response-model.md	35862e16-8c07-407b-98f8-a88401df1f18	20	#### Using `list`s instead of `set`s { #using-lists-instead-of-sets }

If you forget to use a `set` and use a `list` or `tuple` instead, FastAPI will still convert it to a `set` and it will work correctly:

{* ../../docs_src/response_model/tutorial006_py310.py hl[29,35] *}
filesystem://response-model.md	73ed35de-446d-4476-85eb-37ac70bb4706	21	## Recap { #recap }

Use the *path operation decorator's* parameter `response_model` to define response models and especially to ensure private data is filtered out.

Use `response_model_exclude_unset` to return only the values explicitly set.
filesystem://response-status-code.md	d03cb2b5-cad6-4df0-84b8-8b75722f52c2	0	# Response Status Code { #response-status-code }

The same way you can specify a response model, you can also declare the HTTP status code used for the response with the parameter `status_code` in any of the *path operations*:

* `@app.get()`
* `@app.post()`
* `@app.put()`
* `@app.delete()`
* etc.

* `@app.get()`

* `@app.get()`

* `@app.post()`

* `@app.post()`

* `@app.put()`

* `@app.put()`

* `@app.delete()`

* `@app.delete()`

* etc.

* etc.

{* ../../docs_src/response_status_code/tutorial001_py310.py hl[6] *}

/// note

Notice that `status_code` is a parameter of the "decorator" method (`get`, `post`, etc). Not of your *path operation function*, like all the parameters and body.

///

The `status_code` parameter receives a number with the HTTP status code.

/// note

`status_code` can alternatively also receive an `IntEnum`, such as Python's [`http.HTTPStatus`](https://docs.python.org/3/library/http.html#http.HTTPStatus).

///

It will:

* Return that status code in the response.
* Document it as such in the OpenAPI schema (and so, in the user interfaces):

* Return that status code in the response.

* Return that status code in the response.

* Document it as such in the OpenAPI schema (and so, in the user interfaces):

* Document it as such in the OpenAPI schema (and so, in the user interfaces):

/// note

Some response codes (see the next section) indicate that the response does not have a body.

FastAPI knows this, and will produce OpenAPI docs that state there is no response body.

///
filesystem://response-status-code.md	5df9e5f6-7c7d-4264-a30f-a37f0128c555	1	## About HTTP status codes { #about-http-status-codes }

/// note

If you already know what HTTP status codes are, skip to the next section.

///

In HTTP, you send a numeric status code of 3 digits as part of the response.

These status codes have an associated name to help recognize them, but the important part is the number.

In short:

* `100 - 199` are for "Information". You rarely use them directly.  Responses with these status codes cannot have a body.
* **`200 - 299`** are for "Successful" responses. These are the ones you would use the most.
    * `200` is the default status code, which means everything was "OK".
    * Another example would be `201`, "Created". It is commonly used after creating a new record in the database.
    * A special case is `204`, "No Content".  This response is used when there is no content to return to the client, and so the response must not have a body.
* **`300 - 399`** are for "Redirection".  Responses with these status codes may or may not have a body, except for `304`, "Not Modified", which must not have one.
* **`400 - 499`** are for "Client error" responses. These are the second type you would probably use the most.
    * An example is `404`, for a "Not Found" response.
    * For generic errors from the client, you can just use `400`.
* `500 - 599` are for server errors. You almost never use them directly. When something goes wrong at some part in your application code, or server, it will automatically return one of these status codes.

* `100 - 199` are for "Information". You rarely use them directly.  Responses with these status codes cannot have a body.

* `100 - 199` are for "Information". You rarely use them directly.  Responses with these status codes cannot have a body.

* **`200 - 299`** are for "Successful" responses. These are the ones you would use the most.
    * `200` is the default status code, which means everything was "OK".
    * Another example would be `201`, "Created". It is commonly used after creating a new record in the database.
    * A special case is `204`, "No Content".  This response is used when there is no content to return to the client, and so the response must not have a body.

* **`200 - 299`** are for "Successful" responses. These are the ones you would use the most.

* `200` is the default status code, which means everything was "OK".
    * Another example would be `201`, "Created". It is commonly used after creating a new record in the database.
    * A special case is `204`, "No Content".  This response is used when there is no content to return to the client, and so the response must not have a body.

* `200` is the default status code, which means everything was "OK".

* `200` is the default status code, which means everything was "OK".

* Another example would be `201`, "Created". It is commonly used after creating a new record in the database.

* Another example would be `201`, "Created". It is commonly used after creating a new record in the database.

* A special case is `204`, "No Content".  This response is used when there is no content to return to the client, and so the response must not have a body.

* A special case is `204`, "No Content".  This response is used when there is no content to return to the client, and so the response must not have a body.

* **`300 - 399`** are for "Redirection".  Responses with these status codes may or may not have a body, except for `304`, "Not Modified", which must not have one.

* **`300 - 399`** are for "Redirection".  Responses with these status codes may or may not have a body, except for `304`, "Not Modified", which must not have one.

* **`400 - 499`** are for "Client error" responses. These are the second type you would probably use the most.
    * An example is `404`, for a "Not Found" response.
    * For generic errors from the client, you can just use `400`.

* **`400 - 499`** are for "Client error" responses. These are the second type you would probably use the most.
filesystem://response-status-code.md	1524e8b3-3e29-4baa-9901-4f0f4f47501c	2	* An example is `404`, for a "Not Found" response.
    * For generic errors from the client, you can just use `400`.

* An example is `404`, for a "Not Found" response.

* An example is `404`, for a "Not Found" response.

* For generic errors from the client, you can just use `400`.

* For generic errors from the client, you can just use `400`.

* `500 - 599` are for server errors. You almost never use them directly. When something goes wrong at some part in your application code, or server, it will automatically return one of these status codes.

* `500 - 599` are for server errors. You almost never use them directly. When something goes wrong at some part in your application code, or server, it will automatically return one of these status codes.

/// tip

To know more about each status code and which code is for what, check the [<abbr title="Mozilla Developer Network">MDN</abbr> documentation about HTTP status codes](https://developer.mozilla.org/en-US/docs/Web/HTTP/Status).

///
filesystem://response-status-code.md	b3b32f91-2f69-4334-acd3-d31c0c76189f	3	## Shortcut to remember the names { #shortcut-to-remember-the-names }

Let's see the previous example again:

{* ../../docs_src/response_status_code/tutorial001_py310.py hl[6] *}

`201` is the status code for "Created".

But you don't have to memorize what each of these codes mean.

You can use the convenience variables from `fastapi.status`.

{* ../../docs_src/response_status_code/tutorial002_py310.py hl[1,6] *}

They are just a convenience, they hold the same number, but that way you can use the editor's autocomplete to find them:

/// note | Technical Details

You could also use `from starlette import status`.

**FastAPI** provides the same `starlette.status` as `fastapi.status` just as a convenience for you, the developer. But it comes directly from Starlette.

///
filesystem://response-status-code.md	19bd1229-6da9-48fb-912b-8ba7da151cf4	4	## Changing the default { #changing-the-default }

Later, in the [Advanced User Guide](../advanced/response-change-status-code.md), you will see how to return a different status code than the default you are declaring here.
filesystem://security/first-steps.md	7d3f4a9c-e8eb-4470-bc86-5374f6cd828e	0	# Security - First Steps { #security-first-steps }

Let's imagine that you have your **backend** API in some domain.

And you have a **frontend** in another domain or in a different path of the same domain (or in a mobile application).

And you want to have a way for the frontend to authenticate with the backend, using a **username** and **password**.

We can use **OAuth2** to build that with **FastAPI**.

But let's save you the time of reading the full long specification just to find those little pieces of information you need.

Let's use the tools provided by **FastAPI** to handle security.
filesystem://security/first-steps.md	d95b642a-8f62-4ad8-9ff2-a63002773316	1	## How it looks { #how-it-looks }

Let's first just use the code and see how it works, and then we'll come back to understand what's happening.
filesystem://security/first-steps.md	91cbbdfe-bd70-4268-8dc7-4a0f5a192724	2	## Create `main.py` { #create-main-py }

Copy the example in a file `main.py`:

{* ../../docs_src/security/tutorial001_an_py310.py *}
filesystem://security/first-steps.md	e8b477a6-fc39-46e9-bfc6-3b1601223d20	3	## Run it { #run-it }

/// note

The [`python-multipart`](https://github.com/Kludex/python-multipart) package is automatically installed with **FastAPI** when you run the `uv add "fastapi[standard]"` command.

However, if you use the `uv add fastapi` command, the `python-multipart` package is not included by default.

To install it manually, add it to your project with:

```console
$ uv add python-multipart
```

This is because **OAuth2** uses "form data" for sending the `username` and `password`.

///

Run the example with:

```console
$ uv run fastapi dev

<span style="color: green;">INFO</span>:     Uvicorn running on http://127.0.0.1:8000 (Press CTRL+C to quit)
```
filesystem://security/first-steps.md	4587eb4a-37f3-467f-9e8a-a54ebd0f856d	4	## Check it { #check-it }

Go to the interactive docs at: [http://127.0.0.1:8000/docs](http://127.0.0.1:8000/docs).

You will see something like this:

/// tip | Authorize button!

You already have a shiny new "Authorize" button.

And your *path operation* has a little lock in the top-right corner that you can click.

///

And if you click it, you have a little authorization form to type a `username` and `password` (and other optional fields):

/// note

It doesn't matter what you type in the form, it won't work yet. But we'll get there.

///

This is of course not the frontend for the final users, but it's a great automatic tool to document interactively all your API.

It can be used by the frontend team (that can also be yourself).

It can be used by third party applications and systems.

And it can also be used by yourself, to debug, check and test the same application.
filesystem://security/first-steps.md	74558ba2-0fc4-439a-9462-908766dc73c2	5	## The `password` flow { #the-password-flow }

Now let's go back a bit and understand what all that is.

The `password` "flow" is one of the ways ("flows") defined in OAuth2, to handle security and authentication.

OAuth2 was designed so that the backend or API could be independent of the server that authenticates the user.

But in this case, the same **FastAPI** application will handle the API and the authentication.

So, let's review it from that simplified point of view:

* The user types the `username` and `password` in the frontend, and hits `Enter`.
* The frontend (running in the user's browser) sends that `username` and `password` to a specific URL in our API (declared with `tokenUrl="token"`).
* The API checks that `username` and `password`, and responds with a "token" (we haven't implemented any of this yet).
    * A "token" is just a string with some content that we can use later to verify this user.
    * Normally, a token is set to expire after some time.
        * So, the user will have to log in again at some point later.
        * And if the token is stolen, the risk is less. It is not like a permanent key that will work forever (in most of the cases).
* The frontend stores that token temporarily somewhere.
* The user clicks in the frontend to go to another section of the frontend web app.
* The frontend needs to fetch some more data from the API.
    * But it needs authentication for that specific endpoint.
    * So, to authenticate with our API, it sends a header `Authorization` with a value of `Bearer ` plus the token.
    * If the token contains `foobar`, the content of the `Authorization` header would be: `Bearer foobar`.

* The user types the `username` and `password` in the frontend, and hits `Enter`.

* The user types the `username` and `password` in the frontend, and hits `Enter`.

* The frontend (running in the user's browser) sends that `username` and `password` to a specific URL in our API (declared with `tokenUrl="token"`).

* The frontend (running in the user's browser) sends that `username` and `password` to a specific URL in our API (declared with `tokenUrl="token"`).

* The API checks that `username` and `password`, and responds with a "token" (we haven't implemented any of this yet).
    * A "token" is just a string with some content that we can use later to verify this user.
    * Normally, a token is set to expire after some time.
        * So, the user will have to log in again at some point later.
        * And if the token is stolen, the risk is less. It is not like a permanent key that will work forever (in most of the cases).

* The API checks that `username` and `password`, and responds with a "token" (we haven't implemented any of this yet).

* A "token" is just a string with some content that we can use later to verify this user.
    * Normally, a token is set to expire after some time.
        * So, the user will have to log in again at some point later.
        * And if the token is stolen, the risk is less. It is not like a permanent key that will work forever (in most of the cases).

* A "token" is just a string with some content that we can use later to verify this user.

* A "token" is just a string with some content that we can use later to verify this user.

* Normally, a token is set to expire after some time.
        * So, the user will have to log in again at some point later.
        * And if the token is stolen, the risk is less. It is not like a permanent key that will work forever (in most of the cases).

* Normally, a token is set to expire after some time.

* So, the user will have to log in again at some point later.
        * And if the token is stolen, the risk is less. It is not like a permanent key that will work forever (in most of the cases).

* So, the user will have to log in again at some point later.

* So, the user will have to log in again at some point later.
filesystem://security/first-steps.md	cb576619-ec82-4554-8a8b-4c7d7b05e5bf	6	* And if the token is stolen, the risk is less. It is not like a permanent key that will work forever (in most of the cases).

* And if the token is stolen, the risk is less. It is not like a permanent key that will work forever (in most of the cases).

* The frontend stores that token temporarily somewhere.

* The frontend stores that token temporarily somewhere.

* The user clicks in the frontend to go to another section of the frontend web app.

* The user clicks in the frontend to go to another section of the frontend web app.

* The frontend needs to fetch some more data from the API.
    * But it needs authentication for that specific endpoint.
    * So, to authenticate with our API, it sends a header `Authorization` with a value of `Bearer ` plus the token.
    * If the token contains `foobar`, the content of the `Authorization` header would be: `Bearer foobar`.

* The frontend needs to fetch some more data from the API.

* But it needs authentication for that specific endpoint.
    * So, to authenticate with our API, it sends a header `Authorization` with a value of `Bearer ` plus the token.
    * If the token contains `foobar`, the content of the `Authorization` header would be: `Bearer foobar`.

* But it needs authentication for that specific endpoint.

* But it needs authentication for that specific endpoint.

* So, to authenticate with our API, it sends a header `Authorization` with a value of `Bearer ` plus the token.

* So, to authenticate with our API, it sends a header `Authorization` with a value of `Bearer ` plus the token.

* If the token contains `foobar`, the content of the `Authorization` header would be: `Bearer foobar`.

* If the token contains `foobar`, the content of the `Authorization` header would be: `Bearer foobar`.
filesystem://security/first-steps.md	00086df5-0d3e-41f5-915d-8da452387628	7	## **FastAPI**'s `OAuth2PasswordBearer` { #fastapis-oauth2passwordbearer }

**FastAPI** provides several tools, at different levels of abstraction, to implement these security features.

In this example we are going to use **OAuth2**, with the **Password** flow, using a **Bearer** token. We do that using the `OAuth2PasswordBearer` class.

/// note

A "bearer" token is not the only option.

But it's the best one for our use case.

And it might be the best for most use cases, unless you are an OAuth2 expert and know exactly why there's another option that better suits your needs.

In that case, **FastAPI** also provides you with the tools to build it.

///

When we create an instance of the `OAuth2PasswordBearer` class we pass in the `tokenUrl` parameter. This parameter contains the URL that the client (the frontend running in the user's browser) will use to send the `username` and `password` in order to get a token.

{* ../../docs_src/security/tutorial001_an_py310.py hl[8] *}

/// tip

Here `tokenUrl="token"` refers to a relative URL `token` that we haven't created yet. As it's a relative URL, it's equivalent to `./token`.

Because we are using a relative URL, if your API was located at `https://example.com/`, then it would refer to `https://example.com/token`. But if your API was located at `https://example.com/api/v1/`, then it would refer to `https://example.com/api/v1/token`.

Using a relative URL is important to make sure your application keeps working even in an advanced use case like [Behind a Proxy](../../advanced/behind-a-proxy.md).

///

This parameter doesn't create that endpoint / *path operation*, but declares that the URL `/token` will be the one that the client should use to get the token. That information is used in OpenAPI, and then in the interactive API documentation systems.

We will soon also create the actual path operation.

/// note

If you are a very strict "Pythonista" you might dislike the style of the parameter name `tokenUrl` instead of `token_url`.

That's because it is using the same name as in the OpenAPI spec. So that if you need to investigate more about any of these security schemes you can just copy and paste it to find more information about it.

///

The `oauth2_scheme` variable is an instance of `OAuth2PasswordBearer`, but it is also a "callable".

It could be called as:

```Python
oauth2_scheme(some, parameters)
```

So, it can be used with `Depends`.
filesystem://security/first-steps.md	2f906610-d8ad-49ed-b82a-5a20b1723417	8	### Use it { #use-it }

Now you can pass that `oauth2_scheme` in a dependency with `Depends`.

{* ../../docs_src/security/tutorial001_an_py310.py hl[12] *}

This dependency will provide a `str` that is assigned to the parameter `token` of the *path operation function*.

**FastAPI** will know that it can use this dependency to define a "security scheme" in the OpenAPI schema (and the automatic API docs).

/// note | Technical Details

**FastAPI** will know that it can use the class `OAuth2PasswordBearer` (declared in a dependency) to define the security scheme in OpenAPI because it inherits from `fastapi.security.oauth2.OAuth2`, which in turn inherits from `fastapi.security.base.SecurityBase`.

All the security utilities that integrate with OpenAPI (and the automatic API docs) inherit from `SecurityBase`, that's how **FastAPI** can know how to integrate them in OpenAPI.

///
filesystem://security/first-steps.md	fed8e9f9-95e6-4286-8df9-70e8e7cf6532	9	## What it does { #what-it-does }

It will go and look in the request for that `Authorization` header, check if the value is `Bearer ` plus some token, and will return the token as a `str`.

If it doesn't see an `Authorization` header, or the value doesn't have a `Bearer ` token, it will respond with a 401 status code error (`UNAUTHORIZED`) directly.

You don't even have to check if the token exists to return an error. You can be sure that if your function is executed, it will have a `str` in that token.

You can try it already in the interactive docs:

We are not verifying the validity of the token yet, but that's a start already.
filesystem://security/first-steps.md	d9d439c1-86fa-4eac-85ae-56f479813370	10	## Recap { #recap }

So, in just 3 or 4 extra lines, you already have some primitive form of security.
filesystem://security/oauth2-jwt.md	2445a663-54d7-423a-a8be-2ac430c5f0e5	0	# OAuth2 with Password (and hashing), Bearer with JWT tokens { #oauth2-with-password-and-hashing-bearer-with-jwt-tokens }

Now that we have all the security flow, let's make the application actually secure, using <abbr title="JSON Web Tokens">JWT</abbr> tokens and secure password hashing.

This code is something you can actually use in your application, save the password hashes in your database, etc.

We are going to start from where we left in the previous chapter and increment it.
filesystem://security/oauth2-jwt.md	cac43948-7af0-441e-97db-b6133395f445	1	## About JWT { #about-jwt }

JWT means "JSON Web Tokens".

It's a standard to codify a JSON object in a long dense string without spaces. It looks like this:

```
eyJhbGciOiJIUzI1NiIsInR5cCI6IkpXVCJ9.eyJzdWIiOiIxMjM0NTY3ODkwIiwibmFtZSI6IkpvaG4gRG9lIiwiaWF0IjoxNTE2MjM5MDIyfQ.SflKxwRJSMeKKF2QT4fwpMeJf36POk6yJV_adQssw5c
```

It is not encrypted, so, anyone could recover the information from the contents.

But it's signed. So, when you receive a token that you issued, you can verify that it was you who issued it.

That way, you can create a token with an expiration of, let's say, 1 week. And then when the user comes back the next day with the token, you know that user is still logged in to your system.

After a week, the token will be expired and the user will not be authorized and will have to sign in again to get a new token. And if the user (or a third party) tried to modify the token to change the expiration, you would be able to discover it, because the signatures would not match.

If you want to play with JWT tokens and see how they work, check [https://jwt.io](https://jwt.io/).
filesystem://security/oauth2-jwt.md	153f720d-effb-4fc0-87ae-667b6e14bfb7	2	## Install `PyJWT` { #install-pyjwt }

We need to install `PyJWT` to generate and verify the JWT tokens in Python.

Add `pyjwt` to your project:

```console
$ uv add pyjwt

---> 100%
```

/// note

If you are planning to use digital signature algorithms like RSA or ECDSA, you should install the cryptography library dependency `pyjwt[crypto]`.

You can read more about it in the [PyJWT Installation docs](https://pyjwt.readthedocs.io/en/latest/installation.html).

///
filesystem://security/oauth2-jwt.md	f1076103-8c76-48a0-835c-40fa156c6693	3	## Password hashing { #password-hashing }

"Hashing" means converting some content (a password in this case) into a sequence of bytes (just a string) that looks like gibberish.

Whenever you pass exactly the same content (exactly the same password) you get exactly the same gibberish.

But you cannot convert from the gibberish back to the password.
filesystem://security/oauth2-jwt.md	36cf4a2a-064e-4260-82f4-f93560c0c29e	4	### Why use password hashing { #why-use-password-hashing }

If your database is stolen, the thief won't have your users' plaintext passwords, only the hashes.

So, the thief won't be able to try to use that password in another system (as many users use the same password everywhere, this would be dangerous).
filesystem://security/oauth2-jwt.md	e445a851-6ffb-4eb8-89cf-1fcaec9d3f71	5	## Install `pwdlib` { #install-pwdlib }

pwdlib is a great Python package to handle password hashes.

It supports many secure hashing algorithms and utilities to work with them.

The recommended algorithm is "Argon2".

Add `pwdlib` with Argon2 to your project:

```console
$ uv add "pwdlib[argon2]"

---> 100%
```

/// tip

With `pwdlib`, you could even configure it to be able to read passwords created by **Django**, a **Flask** security plug-in or many others.

So, you would be able to, for example, share the same data from a Django application in a database with a FastAPI application. Or gradually migrate a Django application using the same database.

And your users would be able to login from your Django app or from your **FastAPI** app, at the same time.

///
filesystem://security/oauth2-jwt.md	0b980ebd-218a-4155-b246-e96ca86e4357	6	## Hash and verify the passwords { #hash-and-verify-the-passwords }

Import the tools we need from `pwdlib`.

Create a PasswordHash instance with recommended settings - it will be used for hashing and verifying passwords.

/// tip

pwdlib also supports the bcrypt hashing algorithm but does not include legacy algorithms - for working with outdated hashes, it is recommended to use the passlib library.

For example, you could use it to read and verify passwords generated by another system (like Django) but hash any new passwords with a different algorithm like Argon2 or Bcrypt.

And be compatible with all of them at the same time.

///

Create a utility function to hash a password coming from the user.

And another utility to verify if a received password matches the hash stored.

And another one to authenticate and return a user.

{* ../../docs_src/security/tutorial004_an_py310.py hl[8,49,51,58:59,62:63,72:79] *}

When `authenticate_user` is called with a username that doesn't exist in the database, we still run `verify_password` against a dummy hash.

This ensures the endpoint takes roughly the same amount of time to respond whether the username is valid or not, preventing **timing attacks** that could be used to enumerate existing usernames.

/// note

If you check the new (fake) database `fake_users_db`, you will see what the hashed password looks like now: `"$argon2id$v=19$m=65536,t=3,p=4$wagCPXjifgvUFBzq4hqe3w$CYaIb8sB+wtD+Vu/P4uod1+Qof8h+1g7bbDlBID48Rc"`.

///
filesystem://security/oauth2-jwt.md	4f39e508-1b80-452c-aa94-18a488bbebcf	7	## Handle JWT tokens { #handle-jwt-tokens }

Import the modules installed.

Create a random secret key that will be used to sign the JWT tokens.

To generate a secure random secret key use the command:

```console
$ openssl rand -hex 32

09d25e094faa6ca2556c818166b7a9563b93f7099f6f0f4caa6cf63b88e8d3e7
```

And copy the output to the variable `SECRET_KEY` (don't use the one in the example).

Create a variable `ALGORITHM` with the algorithm used to sign the JWT token and set it to `"HS256"`.

Create a variable for the expiration of the token.

Define a Pydantic Model that will be used in the token endpoint for the response.

Create a utility function to generate a new access token.

{* ../../docs_src/security/tutorial004_an_py310.py hl[4,7,13:15,29:31,82:90] *}
filesystem://security/oauth2-jwt.md	3051e208-f678-47d8-855c-e5afa1e2ce01	8	## Update the dependencies { #update-the-dependencies }

Update `get_current_user` to receive the same token as before, but this time, using JWT tokens.

Decode the received token, verify it, and return the current user.

If the token is invalid, return an HTTP error right away.

{* ../../docs_src/security/tutorial004_an_py310.py hl[93:110] *}
filesystem://security/oauth2-jwt.md	cec62c33-50f6-44c6-b1a0-82e74c164402	9	## Update the `/token` *path operation* { #update-the-token-path-operation }

Create a `timedelta` with the expiration time of the token.

Create a real JWT access token and return it.

{* ../../docs_src/security/tutorial004_an_py310.py hl[121:136] *}
filesystem://security/oauth2-jwt.md	6d3559a4-334c-49f3-8ac8-05f7d539fa44	10	### Technical details about the JWT "subject" `sub` { #technical-details-about-the-jwt-subject-sub }

The JWT specification says that there's a key `sub`, with the subject of the token.

It's optional to use it, but that's where you would put the user's identification, so we are using it here.

JWT might be used for other things apart from identifying a user and allowing them to perform operations directly on your API.

For example, you could identify a "car" or a "blog post".

Then you could add permissions about that entity, like "drive" (for the car) or "edit" (for the blog).

And then, you could give that JWT token to a user (or bot), and they could use it to perform those actions (drive the car, or edit the blog post) without even needing to have an account, just with the JWT token your API generated for that.

Using these ideas, JWT can be used for way more sophisticated scenarios.

In those cases, several of those entities could have the same ID, let's say `foo` (a user `foo`, a car `foo`, and a blog post `foo`).

So, to avoid ID collisions, when creating the JWT token for the user, you could prefix the value of the `sub` key, e.g. with `username:`. So, in this example, the value of `sub` could have been: `username:johndoe`.

The important thing to keep in mind is that the `sub` key should have a unique identifier across the entire application, and it should be a string.
filesystem://security/oauth2-jwt.md	205a41b8-a350-41f6-b910-479da5a319a3	11	## Check it { #check-it }

Run the server and go to the docs: [http://127.0.0.1:8000/docs](http://127.0.0.1:8000/docs).

You'll see the user interface like:

Authorize the application the same way as before.

Using the credentials:

Username: `johndoe`
Password: `secret`

/// tip

Notice that nowhere in the code is the plaintext password "`secret`", we only have the hashed version.

///

Call the endpoint `/users/me/`, you will get the response as:

```JSON
{
  "username": "johndoe",
  "email": "johndoe@example.com",
  "full_name": "John Doe",
  "disabled": false
}
```

If you open the developer tools, you could see how the data sent only includes the token, the password is only sent in the first request to authenticate the user and get that access token, but not afterwards:

/// note

Notice the header `Authorization`, with a value that starts with `Bearer `.

///
filesystem://security/oauth2-jwt.md	838174b7-bb1f-4611-8ed1-1401bacecbc7	12	## Advanced usage with `scopes` { #advanced-usage-with-scopes }

OAuth2 has the notion of "scopes".

You can use them to add a specific set of permissions to a JWT token.

Then you can give this token to a user directly or a third party, to interact with your API with a set of restrictions.

You can learn how to use them and how they are integrated into **FastAPI** later in the **Advanced User Guide**.
filesystem://security/oauth2-jwt.md	4cebb69f-eac7-47ac-b311-2373c8be06be	13	## Recap { #recap }

With what you have seen up to now, you can set up a secure **FastAPI** application using standards like OAuth2 and JWT.

In almost any framework handling the security becomes a rather complex subject quite quickly.

Many packages that simplify it a lot have to make many compromises with the data model, database, and available features. And some of these packages that simplify things too much actually have security flaws underneath.

**FastAPI** doesn't make any compromise with any database, data model or tool.

It gives you all the flexibility to choose the ones that fit your project the best.

And you can use directly many well maintained and widely used packages like `pwdlib` and `PyJWT`, because **FastAPI** doesn't require any complex mechanisms to integrate external packages.

But it provides you the tools to simplify the process as much as possible without compromising flexibility, robustness, or security.

And you can use and implement secure, standard protocols, like OAuth2 in a relatively simple way.

You can learn more in the **Advanced User Guide** about how to use OAuth2 "scopes", for a more fine-grained permission system, following these same standards. OAuth2 with scopes is the mechanism used by many big authentication providers, like Facebook, Google, GitHub, Microsoft, X (Twitter), etc. to authorize third party applications to interact with their APIs on behalf of their users.
(209 rows)
